image,price,title
"https://images-eu.ssl-images-amazon.com/images/I/41TimW5-eaL._SY264_BO1,204,203,200_QL40_ML2_.jpg", ₹87.50 , Be Your Own Sunshine 
"https://images-eu.ssl-images-amazon.com/images/I/51bR0PX1y9L._SX198_BO1,204,203,200_QL40_ML2_.jpg", ₹399.00 , My First Library: Boxset of 10 Board Books for Kids 
"https://images-eu.ssl-images-amazon.com/images/I/51IEoP4W-8L._SY264_BO1,204,203,200_QL40_ML2_.jpg", ₹210.00 , Rich Dad Poor Dad - 20Th Anniversary Edition - Hindi 
"https://images-eu.ssl-images-amazon.com/images/I/517VIc78Z0L._SY264_BO1,204,203,200_QL40_ML2_.jpg", ₹294.00 , Rich Dad Poor Dad : What The Rich Teach Their Kids About Money That The Poor And Middle Class Do Not!: (25th Anniversary Edition) 
"https://images-eu.ssl-images-amazon.com/images/I/41r6F2LRf8L._SY264_BO1,204,203,200_QL40_ML2_.jpg", ₹270.00 , The Psychology of Money 
"https://images-eu.ssl-images-amazon.com/images/I/51PJyvcfPGL._SY264_BO1,204,203,200_QL40_ML2_.jpg", ₹162.00 ," Life's Amazing Secrets: How to Find Balance and Purpose in Your Life | Inspirational Zen book on motivation, self-development & healthy living "
"https://images-eu.ssl-images-amazon.com/images/I/410llGwMZGL._SY264_BO1,204,203,200_QL40_ML2_.jpg", ₹231.00 , The Alchemist 
"https://images-na.ssl-images-amazon.com/images/I/41+CqNWoutS._SX258_BO1,204,203,200_.jpg", ₹105.00 , The Power of Your Subconscious Mind 
"https://images-eu.ssl-images-amazon.com/images/I/41B2C2Frv5L._SY264_BO1,204,203,200_QL40_ML2_.jpg", ₹229.00 , Teen Machine 
"https://images-na.ssl-images-amazon.com/images/I/51q+bqUX3FL._SY344_BO1,204,203,200_.jpg", ₹599.00 , Captivate: The Science of Succeeding with People 
"https://images-eu.ssl-images-amazon.com/images/I/41VC-6wmHsL._SY264_BO1,204,203,200_QL40_ML2_.jpg", ₹234.00 , How to Talk to Anyone: 92 Little Tricks for Big Success in Relationships 
"https://images-eu.ssl-images-amazon.com/images/I/31Z4tC8utuL._SY264_BO1,204,203,200_QL40_ML2_.jpg"," ₹1,502.00 ", FINE ART OF SMALL TALK 
"https://images-eu.ssl-images-amazon.com/images/I/51ay1jgMBNL._SY264_BO1,204,203,200_QL40_ML2_.jpg", ₹104.00 , How to Win Friends and Influence People 
"https://images-na.ssl-images-amazon.com/images/I/51I6vQLJD+L._SX258_BO1,204,203,200_.jpg", ₹469.00 ," Spirituality For Leadership & Success (Box-Set of 5 Books): Gita, Vedanta, Hinduism, Buddha, Vivekananda "
"https://images-eu.ssl-images-amazon.com/images/I/51T8OXMiB5L._SY264_BO1,204,203,200_QL40_ML2_.jpg", ₹298.00 , Ikigai: The Japanese secret to a long and happy life 
"https://images-eu.ssl-images-amazon.com/images/I/412u-qrStOL._SY264_BO1,204,203,200_QL40_ML2_.jpg", ₹279.00 , LIMITLESS 
"https://images-eu.ssl-images-amazon.com/images/I/4180omRGrSL._SX198_BO1,204,203,200_QL40_ML2_.jpg", ₹99.00 , You Can 
"https://images-eu.ssl-images-amazon.com/images/I/51JtK7GW3RL._SY264_BO1,204,203,200_QL40_ML2_.jpg", ₹380.00 , War of Lanka (Ram Chandra Series Book 4) 
"https://images-eu.ssl-images-amazon.com/images/I/517ya-iaHHL._SY264_BO1,204,203,200_QL40_ML2_.jpg",, International General Knowledge Olympiad (IGKO) Work Book for Class 4 - MCQs & Achievers Section - General Knowledge Books For 2022-2023 Exam 
"https://images-eu.ssl-images-amazon.com/images/I/41nsKH7UoUL._SY264_BO1,204,203,200_QL40_ML2_.jpg", ₹719.00 , She's My Innocent Billionaire: He Left the Mafia but the Mafia Didn't Leave Him 
"https://images-eu.ssl-images-amazon.com/images/I/61ck5XWxB3L._SY264_BO1,204,203,200_QL40_ML2_.jpg", ₹208.00 ," Grandma's Bag of Stories: Collection of 20+ Illustrated short stories, traditional Indian folk tales for all ages for children of all ages by Sudha Murty "
"https://images-eu.ssl-images-amazon.com/images/I/41o5PJi5v3L._SY264_BO1,204,203,200_QL40_ML2_.jpg", ₹95.00 , Believe in Yourself 
"https://images-eu.ssl-images-amazon.com/images/I/41WX6XCA5QL._SY264_BO1,204,203,200_QL40_ML2_.jpg", ₹84.00 ," The Power of Your Subconscious Mind (PREMIUM PAPERBACK, PENGUIN INDIA) "
"https://images-eu.ssl-images-amazon.com/images/I/416Z99JF6AS._SX198_BO1,204,203,200_QL40_ML2_.jpg", ₹142.00 , The Power of A Positive Attitude: Your Road To Success 
,, Fake Locked: (The Locked Series Book 2) 
"https://images-eu.ssl-images-amazon.com/images/I/4180omRGrSL._SX198_BO1,204,203,200_QL40_ML2_.jpg", ₹99.00 , You Can 
"https://images-eu.ssl-images-amazon.com/images/I/41mMHp4NS7L._SX198_BO1,204,203,200_QL40_ML2_.jpg", ₹199.00 , Trading Chart Breakout Pattern & Candlestick Pattern Pocket Study 
"https://images-na.ssl-images-amazon.com/images/I/51eUEHuV+LL._SX258_BO1,204,203,200_.jpg", ₹139.00 , My First Experiences Sticker Book 
"https://images-eu.ssl-images-amazon.com/images/I/41oYp387k8L._SY264_BO1,204,203,200_QL40_ML2_.jpg", ₹88.00 , DO EPIC SHIT 
"https://images-eu.ssl-images-amazon.com/images/I/51HbHvRoXTL._SX198_BO1,204,203,200_QL40_ML2_.jpg", ₹349.00 , Most Influential Classics of All Time (Box Set of 4 Books) 
"https://images-na.ssl-images-amazon.com/images/I/51Y2ufMX0YL._SX198_BO1,204,203,200_QL40_ML2_.jpg", ₹215.00 , Picture Books Collection for Early Learning (Set of 12) 
"https://images-eu.ssl-images-amazon.com/images/I/51qVQdK4dyL._SY264_BO1,204,203,200_QL40_ML2_.jpg", ₹297.00 , One For All Olympiad Class 1 Science (2022) 
"https://images-eu.ssl-images-amazon.com/images/I/61N76W44AeL._SY264_BO1,204,203,200_QL40_ML2_.jpg", ₹244.00 , 9th Class - Dr. Homi Bhabha Balvaidnyanik Competition - Official Book - 2022-23 - [ENGLISH MEDIUM] 
"https://images-eu.ssl-images-amazon.com/images/I/41BGVJWE6oL._SY264_BO1,204,203,200_QL40_ML2_.jpg", ₹99.00 ," International Mathematics Olympiad (IMO) Work Book for Class 4 - MCQs, Previous Years Solved Paper and Achievers Section - Olympiad Books For 2022-2023 Exam "
"https://images-eu.ssl-images-amazon.com/images/I/41U9Jqx6ZNL._SY264_BO1,204,203,200_QL40_ML2_.jpg", ₹199.00 , The Psychology of Money - Paishache Manasshastra (Marathi) 
"https://images-eu.ssl-images-amazon.com/images/I/51XcPsHfShL._SX198_BO1,204,203,200_QL40_ML2_.jpg", ₹549.00 , Collection of Shakespeare's Greatest Stories (Box Set of 10 Books) For Children 
"https://images-eu.ssl-images-amazon.com/images/I/511JEDMqUhL._SX198_BO1,204,203,200_QL40_ML2_.jpg", ₹159.00 , My First Animal Sticker Book: Exciting Sticker Book With 100 Stickers 
"https://images-eu.ssl-images-amazon.com/images/I/51AYlrgAccS._SX198_BO1,204,203,200_QL40_ML2_.jpg", ₹333.00 , The Very Hungry Caterpillar (Big Board Book) 
"https://images-eu.ssl-images-amazon.com/images/I/51ZQsqdZx-S._SX198_BO1,204,203,200_QL40_ML2_.jpg", ₹169.00 , Animals Tales From Panchtantra: Timeless Stories for Children From Ancient India 
"https://images-eu.ssl-images-amazon.com/images/I/41a-BUxPv3L._SY264_BO1,204,203,200_QL40_ML2_.jpg", ₹345.00 ," BOOK OF CALM, ADAMS MEDIA "
"https://images-eu.ssl-images-amazon.com/images/I/61RVd2PNZiS._SX198_BO1,204,203,200_QL40_ML2_.jpg", ₹139.00 , Mandala Art: Colouring Books for Adults with Tear Out Sheets (Adult Colouring Book) 
"https://images-eu.ssl-images-amazon.com/images/I/517-6nsr8JL._SY264_BO1,204,203,200_QL40_ML2_.jpg", ₹100.00 ," International Mathematics Olympiad (IMO) Work Book for Class 6 - MCQs, Previous Years Solved Paper and Achievers Section - Olympiad Books For 2022-2023 Exam "
, ₹227.05 ," The Intelligent Investor, Rev. Ed: The Definitive Book on Value Investing "
"https://images-eu.ssl-images-amazon.com/images/I/51sLjkMZerL._SY264_BO1,204,203,200_QL40_ML2_.jpg", ₹167.00 ," Oswaal One for All Olympiad Previous Years' Solved Papers, Class-1 Mathematics Book (For 2022-23 Exam) "
"https://images-eu.ssl-images-amazon.com/images/I/51Do0NLYmDL._SX198_BO1,204,203,200_QL40_ML2_.jpg", ₹325.00 , World’s Greatest Books For Personal Growth & Wealth (Set of 4 Books): Perfect Motivational Gift Set 
"https://images-eu.ssl-images-amazon.com/images/I/51G9L-ZxhfL._SX198_BO1,204,203,200_QL40_ML2_.jpg", ₹159.00 , My First 4 in 1 Alphabet Numbers Colours Shapes: Padded Board Books 
"https://images-eu.ssl-images-amazon.com/images/I/31bDtgec8NL._SY264_BO1,204,203,200_QL40_ML2_.jpg", ₹228.00 , The Almanack Of Naval Ravikant: A Guide to Wealth and Happiness 
"https://images-eu.ssl-images-amazon.com/images/I/61ARRzVN0xL._SX198_BO1,204,203,200_QL40_ML2_.jpg", ₹389.00 , Tales from Indian Mythology (Collection of 10 Books): Story Books For Kids 
"https://images-eu.ssl-images-amazon.com/images/I/51gZcNAjecL._SX198_BO1,204,203,200_QL40_ML2_.jpg", ₹740.00 ," Statistics for Managers, Using Microsoft Excel | Business Education | Eighth Edition | By Pearson "
"https://images-eu.ssl-images-amazon.com/images/I/51CN1NRZvfL._SX198_BO1,204,203,200_QL40_ML2_.jpg", ₹449.00 , The Best of Dale Carnegie (Set of 5 Books) 
"https://images-eu.ssl-images-amazon.com/images/I/51oHUvYzbsL._SY264_BO1,204,203,200_QL40_ML2_.jpg", ₹164.00 , The Theory Of Everything 
"https://images-eu.ssl-images-amazon.com/images/I/51A3PH5v8aL._SX198_BO1,204,203,200_QL40_ML2_.jpg", ₹159.00 ," Writing Practice Boxset: Pack of 4 Books (Writing Fun: Write and Practice Capital Letters, Small Letters, Patterns and Numbers 1 to 10) "
"https://images-eu.ssl-images-amazon.com/images/I/41vGigzJy0L._SY264_BO1,204,203,200_QL40_ML2_.jpg", ₹72.00 ," International Mathematics Olympiad (IMO) Work Book for Class 3 - MCQs, Previous Years Solved Paper and Achievers Section - Olympiad Books For 2022-2023 Exam "
"https://images-eu.ssl-images-amazon.com/images/I/5142u37h1EL._SY264_BO1,204,203,200_QL40_ML2_.jpg", ₹100.00 ," International Mathematics Olympiad (IMO) Work Book for Class 10 - MCQs, Previous Years Solved Paper and Achievers Section - Olympiad Books For 2022-2023 Exam "
"https://images-eu.ssl-images-amazon.com/images/I/41NhGNHdlnL._SY264_BO1,204,203,200_QL40_ML2_.jpg", ₹100.00 ," National Cyber Olympiad (NCO) Work Book for Class 5 - Quick Recap, MCQs, Previous Years Solved Paper and Achievers Section - NCO Olympiad Books For 2022-2023 Exam "
"https://images-eu.ssl-images-amazon.com/images/I/51B5t59kyrL._SY264_BO1,204,203,200_QL40_ML2_.jpg", ₹197.00 ," The Magic of the Lost Temple: Illustrated, easy to read and much-loved first full length children’s fiction novel by Sudha Murty for ages 8–12: ... fiction novel by Sudha Murty for ages 8–12 "
"https://images-eu.ssl-images-amazon.com/images/I/61CzDzK8gfL._SX198_BO1,204,203,200_QL40_ML2_.jpg",, Brilliant Brain Activity Book 7++101 Panchatantra Stories (Set Of 2 Books) 
,, Garfiel: Garfield Homecoming comic book full 
"https://images-eu.ssl-images-amazon.com/images/I/510PLv185uS._SX198_BO1,204,203,200_QL40_ML2_.jpg", ₹253.00 , The Wealth of Nations 
"https://images-eu.ssl-images-amazon.com/images/I/51fG2wGup4L._SY264_BO1,204,203,200_QL40_ML2_.jpg", ₹100.00 ," International English Olympiad (IEO) Work Book for Class 5 - MCQs, Previous Years Solved Paper and Achievers Section - Olympiad Books For 2022-2023 Exam "
"https://images-eu.ssl-images-amazon.com/images/I/61m545-C8mL._SX198_BO1,204,203,200_QL40_ML2_.jpg", ₹749.00 , World's Greatest Library : A Collection Of 200 Inspiring Personalities (Box Set of 8 Biographies) 
"https://images-na.ssl-images-amazon.com/images/I/51eB2vHR+sL._SY344_BO1,204,203,200_.jpg", ₹135.00 , Do Aankhen/दो आँखें 
"https://images-eu.ssl-images-amazon.com/images/I/41sWEKewjdS._SX198_BO1,204,203,200_QL40_ML2_.jpg", ₹170.00 ," The Complete Book of Yoga : Karma Yoga, Bhakti Yoga, Raja Yoga, Jnana Yoga "
"https://images-eu.ssl-images-amazon.com/images/I/5149UIyh48L._SY264_BO1,204,203,200_QL40_ML2_.jpg", ₹712.00 , How to Prepare for QUANTITATIVE APTITUDE for CAT |10th Edition | With CAT Practice Tests on Pull Marks 
"https://images-na.ssl-images-amazon.com/images/I/418ky++EMuL._SX258_BO1,204,203,200_.jpg", ₹129.00 ," One Day, Life Will Change: A story of love and inspiration to win life when it hits you hard . . . "
"https://images-eu.ssl-images-amazon.com/images/I/41wf7PTCTtL._SY264_BO1,204,203,200_QL40_ML2_.jpg", ₹100.00 ," National Science Olympiad (NSO) Work Book for Class 7 - Quick Recap, MCQs, Previous Years Solved Paper and Achievers Section - Olympiad Books For 2022-2023 Exam "
"https://images-eu.ssl-images-amazon.com/images/I/51UVpg9nJtL._SX198_BO1,204,203,200_QL40_ML2_.jpg", ₹151.00 , My First Shapes and Colours Sticker Book: Exciting Sticker Book With 100 Stickers 
"https://images-eu.ssl-images-amazon.com/images/I/51RKovPJ7oL._SY264_BO1,204,203,200_QL40_ML2_.jpg", ₹240.00 , Technical Analysis Aur Candlestick Ki Pehchan - Guide To Technical Analysis & Candlesticks Hindi 
"https://images-eu.ssl-images-amazon.com/images/I/51HkZQmbjbL._SY264_BO1,204,203,200_QL40_ML2_.jpg", ₹239.00 ," Oswaal One For All Olympiad Previous Years' Solved Papers, Class-4 General Knowledge Book (For 2022-23 Exam) "
"https://images-eu.ssl-images-amazon.com/images/I/41nAEv31WVL._SY264_BO1,204,203,200_QL40_ML2_.jpg", ₹299.00 , How to Trade in Crypto | Cryptocurrency Trading | Budhil Vyas 
"https://images-eu.ssl-images-amazon.com/images/I/51RnWv-5gZL._SX198_BO1,204,203,200_QL40_ML2_.jpg", ₹539.00 , Greatest Works of Jane Austen: Set of 5 Books 
"https://images-eu.ssl-images-amazon.com/images/I/41kRkqIt6aL._SY264_BO1,204,203,200_QL40_ML2_.jpg", ₹144.00 , That Night: Four Friends. Twenty Years. One Haunting Secret. 
,," Self Love: Woman's book for a happy life (happiness, mindfulness, wellness, self-confidence) "
"https://images-eu.ssl-images-amazon.com/images/I/41Kq6PplOXS._SX198_BO1,204,203,200_QL40_ML2_.jpg", ₹249.00 , The Law of Success in Sixteen Lessons 
"https://images-eu.ssl-images-amazon.com/images/I/51-4NezTXVL._SX198_BO1,204,203,200_QL40_ML2_.jpg", ₹260.00 ," Brain Booster Activity Book Set (Set of 10 books) (Colourful Pages) - 3 Years to 5 Years Old - Learn and Practice ABC Capital and Small Letters, Mazes, Spot the Difference, Pencil Control, Dot to Dot, Mathematics - Fun Early Learning "
"https://images-eu.ssl-images-amazon.com/images/I/51rjJroP8tL._SX198_BO1,204,203,200_QL40_ML2_.jpg", ₹100.00 , Brain Activity Book for Kids - 200+ Activities for Age 4+ 
"https://images-eu.ssl-images-amazon.com/images/I/51Nao21XI-L._SX198_BO1,204,203,200_QL40_ML2_.jpg", ₹129.00 , Meri Pratham Hindi Sulekh Varnmala 
"https://images-eu.ssl-images-amazon.com/images/I/51-nXsSRfZL._SY264_BO1,204,203,200_QL40_ML2_.jpg", ₹295.00 , Atomic Habits: The life-changing million copy bestseller 
,, Beginner's Photography Book: An introduction to digital photography and related terminology. 
"https://images-eu.ssl-images-amazon.com/images/I/51TCtZ5uXZL._SX198_BO1,204,203,200_QL40_ML2_.jpg", ₹299.00 , TT-POWER Magic Book for Kids (4 Books 1 Pen 1 Hand Grip 10 Refill) Calligraphy Practice Copy Self Deleting Text book Practice Hand Writing and Pen Using Skills Reusable Writing Text Book For Kids age 3+ 
"https://images-eu.ssl-images-amazon.com/images/I/51zcgQnO5VL._SY264_BO1,204,203,200_QL40_ML2_.jpg", ₹100.00 , International General Knowledge Olympiad (IGKO) Work Book for Class 1 - MCQs & Achievers Section - General Knowledge Books For 2022-2023 Exam 
"https://images-eu.ssl-images-amazon.com/images/I/518orCtQweL._SY264_BO1,204,203,200_QL40_ML2_.jpg", ₹100.00 ," International Mathematics Olympiad (IMO) Work Book for Class 9 - MCQs, Previous Years Solved Paper and Achievers Section - Olympiad Books For 2022-2023 Exam "
"https://images-eu.ssl-images-amazon.com/images/I/41LSy-CroML._SY264_BO1,204,203,200_QL40_ML2_.jpg", ₹357.00 , Chikitsa Guide For General Medical Practitioners 
"https://images-eu.ssl-images-amazon.com/images/I/41qvZ6k7xFS._SY264_BO1,204,203,200_QL40_ML2_.jpg", ₹340.00 , Price Action Trading : Technical Analysis Simplified! 
"https://images-eu.ssl-images-amazon.com/images/I/51ht198jT4L._SX198_BO1,204,203,200_QL40_ML2_.jpg", ₹449.00 , Princess Fairy Tales Boxset: A Set of 10 Classic Children Fairy Tales (Abridged and Retold) 
, ₹166.40 , Sherlock Holmes: The Complete Collection 
"https://images-eu.ssl-images-amazon.com/images/I/51y5Gl9UZLL._SY264_BO1,204,203,200_QL40_ML2_.jpg", ₹162.00 ," My First Mythology Tale (Illustrated) (Set of 5 Books) - Mahabharata, Krishna, Hanuman, Ganesha, Ramayana - Story Book for Kids - English Short Stories with Colourful Pictures - Read Aloud to Infants, Toddlers "
"https://images-eu.ssl-images-amazon.com/images/I/51vCDwn7uyL._SY264_BO1,204,203,200_QL40_ML2_.jpg", ₹709.00 , Speed Reading: Learn to Read a 200+ Page Book in 1 Hour 
"https://images-eu.ssl-images-amazon.com/images/I/51r3iTdrzGL._SY264_BO1,204,203,200_QL40_ML2_.jpg", ₹125.00 , When I Am With You 
"https://images-eu.ssl-images-amazon.com/images/I/61CGVvYUHpL._SY264_BO1,204,203,200_QL40_ML2_.jpg", ₹244.00 , Menaka - Dr. Homi Bhabha Balvaidnyanik Competition - Class 6th - English Medium - 2022-23 - The Only Official Book 
"https://images-eu.ssl-images-amazon.com/images/I/51MFdEKa7AL._SY264_BO1,204,203,200_QL40_ML2_.jpg", ₹312.00 , Magic 
"https://images-eu.ssl-images-amazon.com/images/I/51cv1xQkMeL._SY264_BO1,204,203,200_QL40_ML2_.jpg", ₹100.00 ," International Mathematics Olympiad (IMO) Work Book for Class 7 - MCQs, Previous Years Solved Paper and Achievers Section - Olympiad Books For 2022-2023 Exam "
, ₹246.97 ," The Energy Bus: 10 Rules to Fuel Your Life, Work, and Team with Positive Energy (Jon Gordon) "
"https://images-eu.ssl-images-amazon.com/images/I/61SSpGYqtbS._SX198_BO1,204,203,200_QL40_ML2_.jpg", ₹201.00 ," Chacha Chaudhary, Billoo, Pinki Comics In English |Set of 3 Comics|Latest Artwork By Diamond Toons "
"https://images-eu.ssl-images-amazon.com/images/I/51JN8NlhdFL._SX198_BO1,204,203,200_QL40_ML2_.jpg", ₹306.00 , Best Motivational Books In English - Ikigai + The Leader in You 
"https://images-eu.ssl-images-amazon.com/images/I/41OV7z5oLTL._SY264_BO1,204,203,200_QL40_ML2_.jpg", ₹94.00 , The Diary of a Young Girl 
"https://images-eu.ssl-images-amazon.com/images/I/41yuakjbUZL._SY264_BO1,204,203,200_QL40_ML2_.jpg", ₹99.00 ," National Science Olympiad (NSO) Work Book for Class 8 - Quick Recap, MCQs, Previous Years Solved Paper and Achievers Section - Olympiad Books For 2022-2023 Exam "
"https://images-eu.ssl-images-amazon.com/images/I/41-mpAqkO2L._SY264_BO1,204,203,200_QL40_ML2_.jpg", ₹100.00 ," National Science Olympiad (NSO) Work Book for Class 2 - Quick Recap, MCQs, Previous Years Solved Paper and Achievers Section - Olympiad Books For 2022-2023 Exam "
"https://images-eu.ssl-images-amazon.com/images/I/51XnnW3tvlL._SY264_BO1,204,203,200_QL40_ML2_.jpg", ₹100.00 ," International English Olympiad (IEO) Work Book for Class 1 - MCQs, Previous Years Solved Paper and Achievers Section - Olympiad Books For 2022-2023 Exam "
"https://images-eu.ssl-images-amazon.com/images/I/51lClmQSwaL._SX198_BO1,204,203,200_QL40_ML2_.jpg", ₹169.00 , Things That Go - Coloring and Sticker Activity Book (With 150+ Stickers) (Coloring Sticker Activity Books) 
"https://images-na.ssl-images-amazon.com/images/I/51XbDD+5frL._SX258_BO1,204,203,200_.jpg", ₹289.00 , The Subtle Art of Not Giving a F*ck and Everything Is F*cked : A Book About Hope by Mark Manson 
"https://images-eu.ssl-images-amazon.com/images/I/41pd59K79VL._SY264_BO1,204,203,200_QL40_ML2_.jpg",, 3 Easy Steps to Win at Life 
"https://images-eu.ssl-images-amazon.com/images/I/51FuS9HplIL._SY264_BO1,204,203,200_QL40_ML2_.jpg", ₹191.00 , Autobiography of a Yogi 
"https://images-eu.ssl-images-amazon.com/images/I/51egS-EHEiL._SY264_BO1,204,203,200_QL40_ML2_.jpg", ₹139.00 , Illustrated Classics - The Swiss Family Robinson: Abridged Novels With Review Questions 
"https://images-eu.ssl-images-amazon.com/images/I/51N863oj5rL._SX198_BO1,204,203,200_QL40_ML2_.jpg", ₹339.00 , Baby Touch and Feel Animals 
"https://images-eu.ssl-images-amazon.com/images/I/519aqSIfLZL._SX198_BO1,204,203,200_QL40_ML2_.jpg", ₹239.00 ," All Time Best Books To Build Self-Confidence, Influence & Wealth (Box Set of 3 Books) "
"https://images-eu.ssl-images-amazon.com/images/I/51YP7fM361S._SX198_BO1,204,203,200_QL40_ML2_.jpg", ₹99.00 , The Time Machine 
"https://images-eu.ssl-images-amazon.com/images/I/41tQN74CjpL._SY264_BO1,204,203,200_QL40_ML2_.jpg", ₹301.00 ," My First Library of Learning: Box set, Complete collection of 10 early learning board books for super kids, 0 to 3 | ABC, Colours, Opposites, Numbers, ... toddler) (My First Book of) "
"https://images-eu.ssl-images-amazon.com/images/I/51g4BaBeszS._SY264_BO1,204,203,200_QL40_ML2_.jpg", ₹237.00 ," Everyday Ayurveda: Daily Habits That Can Change Your Life. A book on Mental & Spiritual Healing. A guide to maximize health, longevity, & happiness naturally (Non-fiction, Penguin Books) "
"https://images-eu.ssl-images-amazon.com/images/I/41Mnf4Mb0jS._SY264_BO1,204,203,200_QL40_ML2_.jpg", ₹199.00 , Dhan-Sampatti Ka Manovigyan (The Psychology of Money) 
"https://images-eu.ssl-images-amazon.com/images/I/51b2J5RJZHS._SY264_BO1,204,203,200_QL40_ML2_.jpg", ₹197.00 ," Three Thousand Stitches: Ordinary People, Extraordinary Lives "
"https://images-na.ssl-images-amazon.com/images/I/51zMJ0j+ZNS._SX258_BO1,204,203,200_.jpg", ₹580.00 , How to Prepare For LOGICAL REASONING For CAT ( With CAT Practice Tests on Pull Marks ) | 6th Edition 
, ₹99.00 , Why I am an Atheist and Other Works 
"https://images-eu.ssl-images-amazon.com/images/I/51lvzMDfrMS._SY264_BO1,204,203,200_QL40_ML2_.jpg", ₹195.00 ," Little Colouring Books for Kids (Set of 10 Books) - Gift to children for painting, drawing and colouring - Alphabets, Animals, Birds, Flags, Flowers, ... Transport, Vegetables - 3 to 6 years old "
"https://images-eu.ssl-images-amazon.com/images/I/510QxGgtGLL._SY264_BO1,204,203,200_QL40_ML2_.jpg", ₹139.00 , One For All Olympiad Class 2 Reasoning (2022) 
,, Tempting the Scarred Duke: A Steamy Historical Regency Romance Novel (Seductive Wallflowers Book 3) 
"https://images-eu.ssl-images-amazon.com/images/I/51emmAYEgqL._SX198_BO1,204,203,200_QL40_ML2_.jpg", ₹350.00 , UGC NET /SET/JRF Paper 1 Teaching and Research Aptitude - 2019- 2021 fully solved papers including Oct- Dec 2021 | Includes National Education Policy 2020| Sixth Edition| By Pearson 
, ₹979.00 , Oversubscribed: How To Get People Lining Up To Do Business With You 
"https://images-eu.ssl-images-amazon.com/images/I/41WfOOgGwDL._SX198_BO1,204,203,200_QL40_ML2_.jpg", ₹139.00 , Think & Grow Rich (Telugu) 
"https://images-na.ssl-images-amazon.com/images/I/41vKRpr+oDL._SY344_BO1,204,203,200_.jpg", ₹100.00 , International General Knowledge Olympiad (IGKO) Work Book for Class 7 - MCQs & Achievers Section - General Knowledge Books For 2022-2023 Exam 
"https://images-eu.ssl-images-amazon.com/images/I/418iyUMT5tL._SX198_BO1,204,203,200_QL40_ML2_.jpg", ₹109.00 ," Memory: How To Develop, Train, And Use It "
"https://images-eu.ssl-images-amazon.com/images/I/61xIGBwgwxL._SY264_BO1,204,203,200_QL40_ML2_.jpg", ₹310.00 , Ram - Scion of Ikshvaku (Ram Chandra Series Book 1) 
"https://images-eu.ssl-images-amazon.com/images/I/410BqHSamiL._SY264_BO1,204,203,200_QL40_ML2_.jpg", ₹187.00 , The Monk Who Sold His Ferrari 
"https://images-eu.ssl-images-amazon.com/images/I/51BnSphidiL._SX198_BO1,204,203,200_QL40_ML2_.jpg", ₹120.00 , Dinosaur World - Lift The Flap Book with Bright and Colourful Pictures- Early Learning Book for Children Age 3-6 Years 
"https://images-eu.ssl-images-amazon.com/images/I/5146PeB5nNL._SY264_BO1,204,203,200_QL40_ML2_.jpg", ₹285.00 , The Hindu Book of Editorials 2021 
"https://images-eu.ssl-images-amazon.com/images/I/51GOQ5Bv9HL._SX198_BO1,204,203,200_QL40_ML2_.jpg", ₹288.00 ," QOKZEK Magic Practice Copybook, (4 BOOK + 1 PEN + 10 REFILL) Number Tracing Book for Preschoolers with Pen, Magic calligraphy books for kids Reusable Writing Tool (19*13 cm) "
"https://images-eu.ssl-images-amazon.com/images/I/41iqW4z6jOL._SX198_BO1,204,203,200_QL40_ML2_.jpg", ₹188.00 ," Early Learning My First Picture Book - 5 set Pack - birds, wild animals, fruits, vegetables, farm & pet animals "
"https://images-eu.ssl-images-amazon.com/images/I/41mAoSGXWqL._SX198_BO1,204,203,200_QL40_ML2_.jpg", ₹289.00 ," MPPSC Sahayak Kul sachiv ( Assistant Registrar ) Paper -2, Book in Hindi 2022 By Mukesh Maheshwari for MPPSC Sahayak Kulsachiv Exam 2022 "
"https://images-eu.ssl-images-amazon.com/images/I/51PU3tU3BfL._SX198_BO1,204,203,200_QL40_ML2_.jpg", ₹330.00 , THE LION INSIDE: Toddler 
"https://images-na.ssl-images-amazon.com/images/I/51CgR+JUiyL._SX258_BO1,204,203,200_.jpg", ₹139.00 , Illustrated Classics - Around The World In 80 Days: Abridged Novels With Review Questions 
"https://images-eu.ssl-images-amazon.com/images/I/41pcZi0F8RL._SX198_BO1,204,203,200_QL40_ML2_.jpg", ₹129.00 , My First Pop-Up Fairy Tales - Goldilocks and The Three Bears : Pop up Books for children 
"https://images-eu.ssl-images-amazon.com/images/I/41AsxW6TOpL._SY264_BO1,204,203,200_QL40_ML2_.jpg", ₹198.00 ," Don't Lose Your Mind, Lose Your Weight (10th Anniversary Edition) "
"https://images-eu.ssl-images-amazon.com/images/I/41nLUzfVpHL._SX198_BO1,204,203,200_QL40_ML2_.jpg", ₹79.00 , How To Use The Power Of Prayer: A motivational guide to transform your life 
"https://images-eu.ssl-images-amazon.com/images/I/51FXP6S8wWS._SX198_BO1,204,203,200_QL40_ML2_.jpg", ₹79.00 ,1984
"https://images-eu.ssl-images-amazon.com/images/I/616njI2vVoL._SX198_BO1,204,203,200_QL40_ML2_.jpg", ₹585.00 , Madhyamik Suggestion 2023 Samrat Exclusive Combo (7 books) - Bengali Version 
"https://images-eu.ssl-images-amazon.com/images/I/51UAQB557GL._SY264_BO1,204,203,200_QL40_ML2_.jpg", ₹217.00 , The Fifth Mountain 
"https://images-na.ssl-images-amazon.com/images/I/41HpURg6A+L._SX258_BO1,204,203,200_.jpg", ₹139.00 , A Tale of Two Cities for Kids : illustrated Abridged Children Classics English Novel with Review Questions 
"https://images-eu.ssl-images-amazon.com/images/I/41hkeuzfOnL._SY264_BO1,204,203,200_QL40_ML2_.jpg"," ₹1,310.00 ", Angelic Guidance 
"https://images-eu.ssl-images-amazon.com/images/I/41gI6a4HeAL._SY264_BO1,204,203,200_QL40_ML2_.jpg", ₹339.00 , Words Of Wonder A to Z : Inspirational Art & Stories For The Young Minds 
"https://images-eu.ssl-images-amazon.com/images/I/41MiO2Hy-5S._SX198_BO1,204,203,200_QL40_ML2_.jpg", ₹139.00 , Mansfield Park 
"https://images-na.ssl-images-amazon.com/images/I/51zj+gyuSnL._SY344_BO1,204,203,200_.jpg", ₹85.00 , International General Knowledge Olympiad (IGKO) Work Book for Class 3 - MCQs & Achievers Section - General Knowledge Books For 2022-2023 Exam 
"https://images-eu.ssl-images-amazon.com/images/I/51Sr1E0qV8L._SX198_BO1,204,203,200_QL40_ML2_.jpg", ₹600.00 , Operations and Supply Chain Management (SIE) | 15th Edition 
"https://images-eu.ssl-images-amazon.com/images/I/51ArLEu1RuL._SY264_BO1,204,203,200_QL40_ML2_.jpg", ₹484.00 ," Story book: 365 Stories from the Vedas, the Upanishads and the Puranas for Children (with colourful illustrations) (365 series) "
"https://images-eu.ssl-images-amazon.com/images/I/51EhRkDQ2sS._SX198_BO1,204,203,200_QL40_ML2_.jpg", ₹80.00 , Alphabets Writing Book - Capital Letters (Practice) 
"https://images-eu.ssl-images-amazon.com/images/I/51QacVSf5aL._SX198_BO1,204,203,200_QL40_ML2_.jpg", ₹239.00 , My Big Wipe And Clean Book of Three Letter Words for Kids : Learn And Trace Words 
"https://images-eu.ssl-images-amazon.com/images/I/51tltIV3v-L._SY264_BO1,204,203,200_QL40_ML2_.jpg", ₹208.00 ," All-Time Favourites for Children: Classic Collection of 25+ most-loved, great stories by famous award-winning author (Illustrated, must-read fiction short stories for kids) "
"https://images-na.ssl-images-amazon.com/images/I/61+-VgZxiEL._SX258_BO1,204,203,200_.jpg", ₹150.00 , Brilliant Brain Activity Book 3+ 
"https://images-eu.ssl-images-amazon.com/images/I/41ySgG2G9cL._SY264_BO1,204,203,200_QL40_ML2_.jpg", ₹304.00 , Wren And Martin -high School English Grammar 
"https://images-eu.ssl-images-amazon.com/images/I/51Qq26Q5kEL._SX198_BO1,204,203,200_QL40_ML2_.jpg", ₹79.00 , Word Search: First Fun Activity Books for Kids 
"https://images-eu.ssl-images-amazon.com/images/I/41g2lJll0XL._SY264_BO1,204,203,200_QL40_ML2_.jpg",, International General Knowledge Olympiad (IGKO) Work Book for Class 6 - MCQs & Achievers Section - General Knowledge Books For 2022-2023 Exam 
"https://images-eu.ssl-images-amazon.com/images/I/41oQOXlfqdL._SX198_BO1,204,203,200_QL40_ML2_.jpg", ₹189.00 ," I Am Invincible, Thirteen True Tales of Courage, Grit, & Survival "
"https://images-eu.ssl-images-amazon.com/images/I/51Kb307RmtL._SY264_BO1,204,203,200_QL40_ML2_.jpg", ₹100.00 , International General Knowledge Olympiad (IGKO) Work Book for Class 5 - MCQs & Achievers Section - General Knowledge Books For 2022-2023 Exam 
"https://images-eu.ssl-images-amazon.com/images/I/51j8Fw1IdrL._SX198_BO1,204,203,200_QL40_ML2_.jpg", ₹298.00 , Best Motivational Books In English - Ikigai + How to Stop Worrying & Start Living 
"https://images-eu.ssl-images-amazon.com/images/I/41mUQRzIJlL._SY264_BO1,204,203,200_QL40_ML2_.jpg"," ₹1,184.00 ", The Penguin Book Of Indian Poets 
"https://images-eu.ssl-images-amazon.com/images/I/51eHb-R0PYL._SX198_BO1,204,203,200_QL40_ML2_.jpg", ₹120.00 , Very First Sight Words Sentences Level 1 
"https://images-eu.ssl-images-amazon.com/images/I/41nTf09wtkL._SX198_BO1,204,203,200_QL40_ML2_.jpg", ₹139.00 , Your Time Will Come 
"https://images-na.ssl-images-amazon.com/images/I/51jXsw+XW0L._SY344_BO1,204,203,200_.jpg", ₹179.00 ," How the Earth Got Its Beauty: Puffin Chapter Book: Gorgeous new full colour, illustrated chapter book for young readers from ages 5 and up by Sudha Murty "
"https://images-eu.ssl-images-amazon.com/images/I/51XqBfARvPL._SX198_BO1,204,203,200_QL40_ML2_.jpg", ₹199.00 , Tamil Writing Practice Books Set of 5 : Tamil calligraphy handwriting Improvement book for beginners 
"https://images-eu.ssl-images-amazon.com/images/I/51Dp5sGqREL._SX198_BO1,204,203,200_QL40_ML2_.jpg", ₹169.00 , My Big Book of Creative Crayons 
"https://images-eu.ssl-images-amazon.com/images/I/51PH8q1j-KL._SX198_BO1,204,203,200_QL40_ML2_.jpg", ₹139.00 , 101 Sight Words And Sentence (With 400+ Sentences To Read): Activity Book For Children 
"https://images-na.ssl-images-amazon.com/images/I/510tcidFE+L._SY344_BO1,204,203,200_.jpg", ₹500.00 , ऋग्वेद सरल पाठ (Rigveda Saral Path) 
,, சுற்றம் சூழ நாவல் - Sutram soozha Tamil Novel (Tamil Edition) 
"https://images-eu.ssl-images-amazon.com/images/I/51c3y4XOFDL._SX198_BO1,204,203,200_QL40_ML2_.jpg", ₹159.00 ," Tell the Time Sticker Activity Book: Fun Activity Book for Children, 100 + Stickers "
"https://images-eu.ssl-images-amazon.com/images/I/51CQ-nPIBqL._SY264_BO1,204,203,200_QL40_ML2_.jpg", ₹311.00 , Top Five Regrets of Dying (Marathi) 
"https://images-na.ssl-images-amazon.com/images/I/51+bjht7OgL._SX258_BO1,204,203,200_.jpg", ₹80.00 , Activity Book for Kids - Maths for Age 6+ 
,, Arabic calligraphy practice book: Specially for thuluth font 
"https://images-eu.ssl-images-amazon.com/images/I/6171GnG0aLS._SX198_BO1,204,203,200_QL40_ML2_.jpg", ₹225.00 , Story Books set of 10 in Tamil with 101 Moral Stories from Inikao 
"https://images-eu.ssl-images-amazon.com/images/I/41kaFseIjRL._SX198_BO1,204,203,200_QL40_ML2_.jpg", ₹109.00 , World's Greatest Leaders: Biographies of Inspirational Personalities For Kids 
"https://images-eu.ssl-images-amazon.com/images/I/416kAECXf3L._SY264_BO1,204,203,200_QL40_ML2_.jpg", ₹400.00 , Goonje Anhad Naad 
"https://images-eu.ssl-images-amazon.com/images/I/61mK0jd2CeL._SX198_BO1,204,203,200_QL40_ML2_.jpg", ₹144.00 ," Writing Books for Kids (Set of 4 Books) - Learn and Practice - Pattern Writing, Numbers 1-20, ABC Capital Letters, Small Letters - 3 Years to 5 Years Old Children - LKG "
"https://images-eu.ssl-images-amazon.com/images/I/51gKhfWDlYL._SY264_BO1,204,203,200_QL40_ML2_.jpg", ₹202.00 ," The Magic Drum and Other Favourite Stories: Sudha Murty’s collection of 30+ classic short stories and folk tales for children, ages 9-12 "
"https://images-eu.ssl-images-amazon.com/images/I/51WtY8dYuUL._SY264_BO1,204,203,200_QL40_ML2_.jpg"," ₹2,646.00 ", Hugh Latimer 
, ₹82.89 , The Art of Money Getting 
"https://images-eu.ssl-images-amazon.com/images/I/61us6yRHcLL._SX198_BO1,204,203,200_QL40_ML2_.jpg", ₹760.00 , Jolly Kids Story Time Phonics Book Series 1 (Set of 10)| Short & Long Sound| Phonic Sound Stories Book for Kids Ages 4-8 Years 
"https://images-eu.ssl-images-amazon.com/images/I/41tiPK9qeEL._SY264_BO1,204,203,200_QL40_ML2_.jpg", ₹539.00 ," What Happened to You?: Conversations on Trauma, Resilience, and Healing "
"https://images-eu.ssl-images-amazon.com/images/I/51Dp5sGqREL._SX198_BO1,204,203,200_QL40_ML2_.jpg", ₹169.00 , My Big Book of Creative Crayons 
"https://images-eu.ssl-images-amazon.com/images/I/5166VGO1UPL._SX198_BO1,204,203,200_QL40_ML2_.jpg", ₹80.00 , Sight Words and Sentences Book for Kids 
,, என் பெண்மையை வென்றவன் (Tamil Edition) 
"https://images-eu.ssl-images-amazon.com/images/I/51EZ37kerqL._SY264_BO1,204,203,200_QL40_ML2_.jpg", ₹210.00 , 365 Colouring Book for Kids - Painting and Drawing Book with 368 Big Pictures 
"https://images-eu.ssl-images-amazon.com/images/I/51Rko5PycKL._SY264_BO1,204,203,200_QL40_ML2_.jpg", ₹146.00 ," My First Mythology Tale (Illustrated) (Set of 5 Books) (Hindi) - Mahabharata, Krishna, Hanuman, Ganesha, Ramayana - Story Book for Kids "
"https://images-eu.ssl-images-amazon.com/images/I/51m3g2PYhkL._SX198_BO1,204,203,200_QL40_ML2_.jpg", ₹182.00 , Under the Ocean - Lift The Flap Book with Bright and Colourful Pictures- Early Learning Book for Children Age 3-6 Years 
"https://images-eu.ssl-images-amazon.com/images/I/51r70RK8F7L._SX198_BO1,204,203,200_QL40_ML2_.jpg", ₹279.00 , SaiEllin Magic Caligraphy Books for kids (4 BOOKS +1 pen + 10 REFILL) Magic writing Calligraphy Book for Beginners Practice | Magic Reusable Copy Writing Book for Kids for Preschoolers | Magical Book for kids Writing (MATHS+DRAWING+ALPHABET+NUMBER) 
"https://images-na.ssl-images-amazon.com/images/I/51otS+W9UaL._SY344_BO1,204,203,200_.jpg", ₹76.00 , Angry River 
"https://images-eu.ssl-images-amazon.com/images/I/51b6-28vXPS._SY264_BO1,204,203,200_QL40_ML2_.jpg", ₹907.66 , Animals - Collection of 6 Books : Knowledge Encyclopedia For Children (Box Set) 
"https://images-eu.ssl-images-amazon.com/images/I/41HeXpHQvML._SY264_BO1,204,203,200_QL40_ML2_.jpg", ₹445.00 , LANA: You will be as happy as you will allow yourself to be. 
"https://images-na.ssl-images-amazon.com/images/I/51Gu+gjYyuL._SX258_BO1,204,203,200_.jpg", ₹59.00 , Colouring Book of Fruits: Creative Crayons Series - Crayon Copy Colour Books 
"https://images-eu.ssl-images-amazon.com/images/I/41nA2UixANL._SY264_BO1,204,203,200_QL40_ML2_.jpg", ₹300.00 , अथर्ववेद सरल पाठ (Atharvaved Saral Path) 
"https://images-eu.ssl-images-amazon.com/images/I/518Bwg8ceaL._SY264_BO1,204,203,200_QL40_ML2_.jpg", ₹210.00 , GIKSO 100 Maths Puzzles Book - Brain Boosting Mathematical Activities for Age 7+ Years Old Kids | Game Book (English) - Reprinted 2022 
,, ADMINISTRATION & FINANCE: COMPETITIVE EXAM RESOURCE BOOK- (KVS / NVS/ EMRS) (Hindi Edition) 
"https://images-eu.ssl-images-amazon.com/images/I/31t2zJZG9-L._SX198_BO1,204,203,200_QL40_ML2_.jpg", ₹272.00 ," Peppa Pig - Peppa Loves Muddy Puddles : Fun Learning Set (with Wipe and Clean Mats, Coloring Sheets, Stickers, Appreciation Certificate and Pen) "
"https://images-eu.ssl-images-amazon.com/images/I/61bQjxS0CSL._SX198_BO1,204,203,200_QL40_ML2_.jpg", ₹160.00 ," Maths- STEM Activity Book for Children Age 6-12 years - Packed with Activities and Maths Facts| STEM Explorers Starters for Kids, 64 Pages "
"https://images-eu.ssl-images-amazon.com/images/I/51y6zRvlCcL._SX198_BO1,204,203,200_QL40_ML2_.jpg", ₹169.00 , Seek and Find - Home: Early Learning Board Books with Tabs 
"https://images-na.ssl-images-amazon.com/images/I/51wv0r+FwOL._SX258_BO1,204,203,200_.jpg", ₹329.00 ," Cursive Handwriting - Small Letters, Capital Letters, Joining Letters and Word Family : Level 1 Practice Workbooks For Children (Set of 4 Books) "
"https://images-eu.ssl-images-amazon.com/images/I/51m76c65bZL._SX198_BO1,204,203,200_QL40_ML2_.jpg"," ₹2,000.00 ", You Are a Gift- A Travel Journey | Coffee Table Book 
"https://images-eu.ssl-images-amazon.com/images/I/41KxSKpUZrL._SY264_BO1,204,203,200_QL40_ML2_.jpg", ₹99.50 , Everything I Never Told You 
"https://images-eu.ssl-images-amazon.com/images/I/61YSuD5-geL._SX198_BO1,204,203,200_QL40_ML2_.jpg", ₹488.00 , Ladybird Big Noisy Book: Farm Hullaballoo! 
"https://images-eu.ssl-images-amazon.com/images/I/51HZN1uIVqL._SY264_BO1,204,203,200_QL40_ML2_.jpg", ₹180.00 , Great Stories for Children 
"https://images-eu.ssl-images-amazon.com/images/I/511JEDMqUhL._SX198_BO1,204,203,200_QL40_ML2_.jpg", ₹159.00 , My First Animal Sticker Book: Exciting Sticker Book With 100 Stickers 
"https://images-eu.ssl-images-amazon.com/images/I/3195CACUFXL._SY264_BO1,204,203,200_QL40_ML2_.jpg", ₹140.00 , Swamy’s Compilation of CCS (Commutation of Pension) Rules 
,, அண்ணா நானூறு: Anna 400 (Perarignar Anna's Writings and Speeches Book 4) (Tamil Edition) 
"https://images-eu.ssl-images-amazon.com/images/I/41Otpbkk0qL._SY264_BO1,204,203,200_QL40_ML2_.jpg", ₹590.00 , Me Bahurupee - Ashok Saraf 
"https://images-eu.ssl-images-amazon.com/images/I/51ByPfXYhOL._SX198_BO1,204,203,200_QL40_ML2_.jpg", ₹50.00 , Yedu Shanivarala Vratham Book - Seven Saturdays Vratham Book - 7 Saturdays Vratham Pooja Vidanam (Mohan) 
"https://images-eu.ssl-images-amazon.com/images/I/41-Ix-84n4L._SX198_BO1,204,203,200_QL40_ML2_.jpg", ₹139.00 , The Diary of a Young Girl (Telugu) 
"https://images-eu.ssl-images-amazon.com/images/I/41ppaVboQoL._SY264_BO1,204,203,200_QL40_ML2_.jpg", ₹100.00 ," National Science Olympiad (NSO) Work Book for Class 9 - Quick Recap, MCQs, Previous Years Solved Paper and Achievers Section - Olympiad Books For 2022-2023 Exam "
"https://images-eu.ssl-images-amazon.com/images/I/61K1f6hXWtL._SY264_BO1,204,203,200_QL40_ML2_.jpg"," ₹1,075.00 "," The Unbreakable Code: 2 (The Book Scavenger series, 2) "
"https://images-eu.ssl-images-amazon.com/images/I/51ZYJ3TP6kL._SY264_BO1,204,203,200_QL40_ML2_.jpg", ₹100.00 ," International Social Studies Olympiad (ISSO) Work Book for Class 4 - Chapterwise MCQs, Previous Years Solved Paper & Achievers Section - ISSO Olympiad Books For 2022-2023 Exam "
"https://images-eu.ssl-images-amazon.com/images/I/31swN5GFNCL._SX198_BO1,204,203,200_QL40_ML2_.jpg"," ₹1,318.00 ", Finding Stillness 
"https://images-eu.ssl-images-amazon.com/images/I/413K--TI2GL._SY264_BO1,204,203,200_QL40_ML2_.jpg", ₹100.00 ," International English Olympiad (IEO) Work Book for Class 9 - MCQs, Previous Years Solved Paper and Achievers Section - Olympiad Books For 2022-2023 Exam "
"https://images-eu.ssl-images-amazon.com/images/I/51AtAM4oD-L._SX198_BO1,204,203,200_QL40_ML2_.jpg", ₹255.00 ," Nurture 505 Activities Book for Kids | English Activity Workbook with various Fun Activities like Art and Craft, GK, Puzzles, Crafts, Brain Teasers, Crosswords, Join the Dots, Drawing and Coloring "
"https://images-eu.ssl-images-amazon.com/images/I/51m76c65bZL._SX198_BO1,204,203,200_QL40_ML2_.jpg"," ₹2,000.00 ", You Are a Gift- A Travel Journey | Coffee Table Book 
"https://images-eu.ssl-images-amazon.com/images/I/51smSkGosQL._SX198_BO1,204,203,200_QL40_ML2_.jpg", ₹159.00 , 101 Copy Coloring: Fun Activity Book For Children 
"https://images-eu.ssl-images-amazon.com/images/I/51KVjzNK2tL._SX198_BO1,204,203,200_QL40_ML2_.jpg", ₹139.00 , 101 Spot the Differences : Fun Activity Books For Children (With Answer sheets) 
,," The Twist of a Knife: Hawthorne, Book 4 "
"https://images-eu.ssl-images-amazon.com/images/I/61zeLy1ADoL._SY264_BO1,204,203,200_QL40_ML2_.jpg", ₹395.00 , Pune Mahanagarpalika PMC Bharti Pariksha Pune Municipal Corporation Bharti 2022 PMC 
"https://images-eu.ssl-images-amazon.com/images/I/51mn3WgAd6L._SX198_BO1,204,203,200_QL40_ML2_.jpg", ₹80.00 , Phool Patti Wali Class Half Yearly Current Affairs Book (January 2022 To June 2022) 
"https://images-eu.ssl-images-amazon.com/images/I/51TuKdzfUDL._SY264_BO1,204,203,200_QL40_ML2_.jpg", ₹369.00 , NVS MASTER 2022 LATEST EDITION WITH 2500+ MCQs BILINGUAL PRACTICE BOOK 
"https://images-na.ssl-images-amazon.com/images/I/51BEC+LbXDL._SX258_BO1,204,203,200_.jpg", ₹139.00 , 201 Sight Words And Sentence (With 800+ Sentences To Read): Activity Book For Children 
"https://images-eu.ssl-images-amazon.com/images/I/51FVYXmmk-L._SX198_BO1,204,203,200_QL40_ML2_.jpg", ₹300.00 , Impossible Possible + Scientific Method To Top Every Exam (Set of 2 Books) 
"https://images-eu.ssl-images-amazon.com/images/I/41ViHBo4h8L._SY264_BO1,204,203,200_QL40_ML2_.jpg", ₹375.00 , One Summer in Poleru 
"https://images-eu.ssl-images-amazon.com/images/I/51U-LqWubeL._SY264_BO1,204,203,200_QL40_ML2_.jpg", ₹265.00 , The Dolphin and the Shark: Lessons in Entrepreneurship 
"https://images-eu.ssl-images-amazon.com/images/I/51NaN9pHXaL._SY264_BO1,204,203,200_QL40_ML2_.jpg", ₹272.00 , Percy Jackson and The Battle of the Labyrinth (Book 4) 
"https://images-eu.ssl-images-amazon.com/images/I/519ftSKdhzL._SX198_BO1,204,203,200_QL40_ML2_.jpg", ₹82.00 , Amazon Brand - Solimo Pop-Up Board Book (Little Mermaid) 
"https://images-eu.ssl-images-amazon.com/images/I/51jF4EGcEfL._SX198_BO1,204,203,200_QL40_ML2_.jpg", ₹315.00 ," My First Super Boxset of Pencil Control and Patterns : Pack of 4 interactive activity books to practice Patterns, Numbers and Alphabet: A set of 4 ... to practice Patterns, Numbers and Alphabet "
"https://images-eu.ssl-images-amazon.com/images/I/51r0o9qUupL._SY264_BO1,204,203,200_QL40_ML2_.jpg", ₹430.00 , Sudha Murty 3 books combo ( Marathi ) - Teen Hajar Take+ Ayushyache Dhade Girvtana+Wise and Otherwise 
"https://images-eu.ssl-images-amazon.com/images/I/51VbzCgxh7L._SY264_BO1,204,203,200_QL40_ML2_.jpg", ₹171.00 , Option Trading Se Paison Ka Ped Kaise Lagayen 
"https://images-na.ssl-images-amazon.com/images/I/51p0x+m1DpL._SY344_BO1,204,203,200_.jpg", ₹100.00 ," International Social Studies Olympiad (ISSO) Work Book for Class 6 - Chapterwise MCQs, Previous Years Solved Paper & Achievers Section - ISSO Olympiad Books For 2022-2023 Exam "
"https://images-eu.ssl-images-amazon.com/images/I/41gdWgXCV2L._SX198_BO1,204,203,200_QL40_ML2_.jpg", ₹367.00 , Anubooti - अनुभूति(Anubhooti Book 1)Marathi Edition 
"https://images-eu.ssl-images-amazon.com/images/I/51F3lmM4OEL._SY264_BO1,204,203,200_QL40_ML2_.jpg", ₹153.00 , Blossom Jumbo Creative Colouring Book for Kids 8 years to 10 years old | Best Gift for Drawing and Painting | Copy Coloring Book for Kids with Color Reference Guide | A3 Colour Book for Kids | Level 4 [Paperback] Content Team at Target Publications 
, ₹0.00 , Time Management is Life Management 
"https://images-eu.ssl-images-amazon.com/images/I/514e-meEGgS._SX198_BO1,204,203,200_QL40_ML2_.jpg", ₹241.00 , 365 Colouring Book for Kids - Painting and Drawing 
"https://images-eu.ssl-images-amazon.com/images/I/51Xcymq23VL._SX198_BO1,204,203,200_QL40_ML2_.jpg", ₹89.00 , My First Book of Pencil Control : Practice Pattern Writing (Full Color Pages): Patterns Practice book for kids (Pattern Writing) 
,, B.Ed. Guide Book for Gauhati University B.Ed. CET-2020 
"https://images-eu.ssl-images-amazon.com/images/I/510pXomanvL._SX198_BO1,204,203,200_QL40_ML2_.jpg", ₹159.00 , 101 Dot To Dot Coloring: Fun Activity Book For Children 
"https://images-eu.ssl-images-amazon.com/images/I/51b2tNO1-AS._SX198_BO1,204,203,200_QL40_ML2_.jpg", ₹280.00 , Jolly Kids My First Book of Phonics Words Key to Letter Sound Relationship| Learning the Letter Sounds| Blending| Word Formatting| Sight Words| Phonic Activity Book for Kindergarten Ages 3-7 Years 
"https://images-eu.ssl-images-amazon.com/images/I/51QpnHz3OCS._SY264_BO1,204,203,200_QL40_ML2_.jpg", ₹166.00 , The Bird with Golden Wings: Stories of Wit and Magic 
"https://images-eu.ssl-images-amazon.com/images/I/51ur-aHOT6L._SY264_BO1,204,203,200_QL40_ML2_.jpg", ₹474.00 , Story book for kids: 365 Tales from Indian Mythology 
"https://images-eu.ssl-images-amazon.com/images/I/51VNFuVtWfL._SX198_BO1,204,203,200_QL40_ML2_.jpg", ₹221.00 ," Raa Traders Sank Magic Practice Copybook, (4 BOOK + 10 REFILL+ 2 Pen +2 Grip) Number Tracing Book for Preschoolers with Pen, Magic Calligraphy Copybook Set Practical Reusable Writing Tool Simple Hand Lettering "
"https://images-eu.ssl-images-amazon.com/images/I/41BpR9uTYqL._SY264_BO1,204,203,200_QL40_ML2_.jpg", ₹450.00 ," Talk Without FEAR: Learn the Art of Creation, Curation, and Presentation "
"https://images-eu.ssl-images-amazon.com/images/I/4195WhD3DaL._SY264_BO1,204,203,200_QL40_ML2_.jpg", ₹225.00 , Master Prescriber 
"https://images-eu.ssl-images-amazon.com/images/I/51uOF2aoSDL._SX198_BO1,204,203,200_QL40_ML2_.jpg", ₹160.00 ," Phonics Reader Book 1 for Children Age 3 -10 Years - Alphabet Sounds, A to Z "
"https://images-eu.ssl-images-amazon.com/images/I/51t6ATyJ-SL._SX198_BO1,204,203,200_QL40_ML2_.jpg", ₹306.00 , Best Motivational Books In English - Ikigai + How to Enjoy Your Life and Job 
"https://images-eu.ssl-images-amazon.com/images/I/51Qcs5DKpAL._SX198_BO1,204,203,200_QL40_ML2_.jpg", ₹204.00 , ICE Magic 6 Month Current Affairs (January To June 2022) (Latest Edition) Gujarati Book 
"https://images-eu.ssl-images-amazon.com/images/I/51S50KiygGL._SY264_BO1,204,203,200_QL40_ML2_.jpg", ₹339.00 , Why Am I Here?: A Near-Death Experience with The Ancient of Days 
"https://images-eu.ssl-images-amazon.com/images/I/41wUT7tWFRL._SY264_BO1,204,203,200_QL40_ML2_.jpg", ₹250.00 , Karmbhumi: (Hindi First Hardcover Jan 01 2011) by Munshi Premchand 
"https://images-eu.ssl-images-amazon.com/images/I/51oQCW994AL._SY264_BO1,204,203,200_QL40_ML2_.jpg", ₹937.00 , Insanity 
"https://images-eu.ssl-images-amazon.com/images/I/51bR0PX1y9L._SX198_BO1,204,203,200_QL40_ML2_.jpg", ₹399.00 , My First Library: Boxset of 10 Board Books for Kids 
"https://images-eu.ssl-images-amazon.com/images/I/41bPVrIP-WL._SX198_BO1,204,203,200_QL40_ML2_.jpg", ₹648.00 , NCERT Books Set for Class 9 (English Medium) - Set of 8 books - 1 January 2020 - 1 January 2021 (Paperback) 
"https://images-eu.ssl-images-amazon.com/images/I/51qjTM8EBcL._SY264_BO1,204,203,200_QL40_ML2_.jpg", ₹139.00 , Illustrated Classics - Robinson Crusoe: Abridged Novels with Review Questions 
"https://images-eu.ssl-images-amazon.com/images/I/515MXRog9cL._SX198_BO1,204,203,200_QL40_ML2_.jpg", ₹109.00 , Cursive Handwriting - Small Letters: Practice Workbook For Children 
,," The Twist of a Knife: Hawthorne, Book 4 "
"https://images-eu.ssl-images-amazon.com/images/I/51ye03CBd8L._SX198_BO1,204,203,200_QL40_ML2_.jpg", ₹529.00 , Quantitative Aptitude for Competitive Examinations: (Fully Revised Video Edition) 2022 
"https://images-na.ssl-images-amazon.com/images/I/51X9IdiK+2L._SY344_BO1,204,203,200_.jpg", ₹250.00 ," MTG Mathematics (IMO) Olympiad Previous Years Papers with Mock Test Paper - Class 4, Olympiad Books For 2022-23 Exam "
"https://images-na.ssl-images-amazon.com/images/I/41atPf++R5L._SY344_BO1,204,203,200_.jpg", ₹251.00 ," Dear Stranger, You Deserve To Be Loved "
"https://images-eu.ssl-images-amazon.com/images/I/41ERRKixKdL._SY264_BO1,204,203,200_QL40_ML2_.jpg", ₹127.00 ," Jeevan Ke Adbhut Rahasya/जीवन के अद्भुत रहस्य: जीवन में कैसे पाएँ संतुलन और उद्देश्य by गौर गोपाल दास: Peaceful life begins with this Motivational Book, Self-help Book to achieve inner balance "
"https://images-eu.ssl-images-amazon.com/images/I/51kYoEZqfeL._SX198_BO1,204,203,200_QL40_ML2_.jpg", ₹99.00 , My First 3 Letter Words : Tracing And Activity Book 
"https://images-eu.ssl-images-amazon.com/images/I/41i6swNIigL._SX198_BO1,204,203,200_QL40_ML2_.jpg", ₹109.00 , The Power of A Positive Attitude (Hindi) 
"https://images-eu.ssl-images-amazon.com/images/I/51lewhAjneL._SX198_BO1,204,203,200_QL40_ML2_.jpg", ₹770.00 , SURA`S TNPSC Field Surveyor and Draftsman (Paper 1 and 2 ) Exam Book in English Medium - Latest Updated Edition 2023 
"https://images-eu.ssl-images-amazon.com/images/I/61YqIJ64C3L._SY264_BO1,204,203,200_QL40_ML2_.jpg", ₹306.00 , D.Pharm Exit Examination KiT With 5000+ MCQs 
"https://images-eu.ssl-images-amazon.com/images/I/51mVMXz0ruL._SX198_BO1,204,203,200_QL40_ML2_.jpg", ₹289.00 , Manorama English Yearbook 2022 
"https://images-eu.ssl-images-amazon.com/images/I/51GU0RoJFYL._SY264_BO1,204,203,200_QL40_ML2_.jpg", ₹100.00 , ओम् साधना (Om Sadhana) 
"https://images-na.ssl-images-amazon.com/images/I/41COMYJ+k5L._SY344_BO1,204,203,200_.jpg", ₹160.00 , Mrityu: Jaanen Ek Mahayogi Se (Hindi Translation of Bestselling Title Death by Sadhguru) 
"https://images-eu.ssl-images-amazon.com/images/I/51L2QZpM8cL._SY264_BO1,204,203,200_QL40_ML2_.jpg", ₹139.00 , Illustrated Ramayana For Children (Black and White) 
"https://images-eu.ssl-images-amazon.com/images/I/519EMpfdXSL._SY264_BO1,204,203,200_QL40_ML2_.jpg", ₹429.00 , Creative Outlet Create This Book 
"https://images-eu.ssl-images-amazon.com/images/I/513vtJhxJpL._SY264_BO1,204,203,200_QL40_ML2_.jpg", ₹199.00 ," Olympiad Prep-Guide Mathematics Class - 4, IMO Chapterwise Previous Year Question Paper For 2022-23 Exam "
"https://images-eu.ssl-images-amazon.com/images/I/51hCCWGrQrL._SX198_BO1,204,203,200_QL40_ML2_.jpg", ₹540.00 , Ruskin Bond - Best Selling Children Story Books Collection (Set of 4 Books) 
"https://images-eu.ssl-images-amazon.com/images/I/41OiDvq9pDS._SX198_BO1,204,203,200_QL40_ML2_.jpg", ₹139.00 , The Complete Novels of Sherlock Holmes 
"https://images-eu.ssl-images-amazon.com/images/I/41V0Nc1sXWL._SX198_BO1,204,203,200_QL40_ML2_.jpg", ₹589.00 , The Official Cambridge Guide To Ielts Student's Book With Answers With Dvd Rom 
"https://images-eu.ssl-images-amazon.com/images/I/51nDFjWSC8L._SX198_BO1,204,203,200_QL40_ML2_.jpg", ₹279.00 ," Sank Magic Practice for kids Copybook, Magic practice book for kids(4 BOOK + 10 REFILL+ 1 pen +1 grip) Number Tracing Book for Preschoolers with Pen, Magic Calligraphy Copybook Set Practical Reusable Writing Tool Simple Hand Lettering "
"https://images-na.ssl-images-amazon.com/images/I/41r+WNIN1vL._SY344_BO1,204,203,200_.jpg", ₹258.00 , Leadership Wisdom 
"https://images-eu.ssl-images-amazon.com/images/I/51oHh6gYDPL._SY264_BO1,204,203,200_QL40_ML2_.jpg", ₹499.00 , कलिहनुवाणी / Kalihanuvani 
"https://images-eu.ssl-images-amazon.com/images/I/31t2zJZG9-L._SX198_BO1,204,203,200_QL40_ML2_.jpg", ₹272.00 ," Peppa Pig - Peppa Loves Muddy Puddles : Fun Learning Set (with Wipe and Clean Mats, Coloring Sheets, Stickers, Appreciation Certificate and Pen) "
"https://images-eu.ssl-images-amazon.com/images/I/51uYBRoAh-L._SY264_BO1,204,203,200_QL40_ML2_.jpg", ₹572.00 , Daring to Dream (Wildwood Stables) 
"https://images-eu.ssl-images-amazon.com/images/I/51uT7xWxHEL._SX198_BO1,204,203,200_QL40_ML2_.jpg"," ₹1,304.75 "," MHT-CET Triumph Physics Chemistry and Maths (PCM) Books for Engineering & Pharmacy Entrance Exam | On 11 and 12 Maharashtra Board Syllabus | Includes Chapterwise MCQs, Question Paper | 3 Books "
"https://images-eu.ssl-images-amazon.com/images/I/41uUwDTZXQL._SY264_BO1,204,203,200_QL40_ML2_.jpg", ₹343.00 ," Big Data [Hardcover] [May 22, 2014] Mayer Schonberger "
"https://images-eu.ssl-images-amazon.com/images/I/51MIiUESc-L._SY264_BO1,204,203,200_QL40_ML2_.jpg", ₹190.00 ," Olympiad Prep-Guide Mathematics Class - 2, IMO Chapterwise Previous Year Question Paper For 2022-23 Exam "
"https://images-eu.ssl-images-amazon.com/images/I/41CLjYzggqL._SX198_BO1,204,203,200_QL40_ML2_.jpg", ₹218.00 , The Entrepreneur 
"https://images-eu.ssl-images-amazon.com/images/I/51CBTyFT6lL._SX198_BO1,204,203,200_QL40_ML2_.jpg"," ₹2,800.00 ", How to Prepare for the Cat Common Admission Test (Set Of 4 Books) By Arun Sharma And Meenakshi Upadhyay 
"https://images-eu.ssl-images-amazon.com/images/I/410FxpYHFZL._SY264_BO1,204,203,200_QL40_ML2_.jpg", ₹388.00 , CreateSpace Classics Create This Book 2 
"https://images-eu.ssl-images-amazon.com/images/I/512vARa0oaL._SX198_BO1,204,203,200_QL40_ML2_.jpg", ₹139.00 , Masha And The Bear - Friends Forever: Giant Coloring Book For Kids 
"https://images-eu.ssl-images-amazon.com/images/I/51k0QdfktZL._SX198_BO1,204,203,200_QL40_ML2_.jpg", ₹291.00 ," The Jungle Book (Campbell First Stories) (Campbell First Stories, 5) "
"https://images-eu.ssl-images-amazon.com/images/I/51ZGnxl0OiL._SY264_BO1,204,203,200_QL40_ML2_.jpg", ₹100.00 , वैदिक उपचार (Vedic Upchaar) 
"https://images-eu.ssl-images-amazon.com/images/I/51MvWOEJVQL._SX198_BO1,204,203,200_QL40_ML2_.jpg", ₹120.00 , आजी-आजोबांनी सांगितलेल्या 121 गोष्टी | Aaji-Aajombani Saangitlelya 121 Goshti Story Book By Sawan | Hardbound In Marathi 
,, How To Win Friends and Influence People 
"https://images-na.ssl-images-amazon.com/images/I/5152Nb4+sSL._SX258_BO1,204,203,200_.jpg", ₹119.00 , 51 Sight Words And Sentence (With 200+ Sentences To Read): Activity Book For Children 
"https://images-eu.ssl-images-amazon.com/images/I/51z-smR0ELL._SX198_BO1,204,203,200_QL40_ML2_.jpg", ₹179.00 , My First Numbers Sticker Book: Exciting Sticker Book With 100 Stickers 
"https://images-eu.ssl-images-amazon.com/images/I/51SkIDTd9rL._SY264_BO1,204,203,200_QL40_ML2_.jpg", ₹305.00 , Harry Potter and the Philosopher's Stone 
"https://images-na.ssl-images-amazon.com/images/I/51u8Z+3V7jL._SX258_BO1,204,203,200_.jpg", ₹199.00 ," Flags of the World - Sticker Coloring Activity Book For Children : Continent, Country, Capital, Language and Currency "
"https://images-eu.ssl-images-amazon.com/images/I/61MlJuyCM8L._SX198_BO1,204,203,200_QL40_ML2_.jpg", ₹250.00 , Spot The Difference 
"https://images-na.ssl-images-amazon.com/images/I/51DYJqXv+IL._SX258_BO1,204,203,200_.jpg", ₹294.00 , Rahasya (Hindi) 
"https://images-eu.ssl-images-amazon.com/images/I/51fbD9wTbjL._SY264_BO1,204,203,200_QL40_ML2_.jpg", ₹199.00 , And Then There Were None: The World’s Favourite Agatha Christie Book: The World’s Favourite Agatha Christie Book 
"https://images-eu.ssl-images-amazon.com/images/I/51PncYFVFgL._SX198_BO1,204,203,200_QL40_ML2_.jpg", ₹160.00 , Phonics Reader Book 4 for Children Age 3 -10 Years - Blends and Combination Sounds 
"https://images-eu.ssl-images-amazon.com/images/I/41Y7OL8KcNS._SY264_BO1,204,203,200_QL40_ML2_.jpg"," ₹2,670.00 ", A Publisher and His Friends (Esprios Classics) 
"https://images-eu.ssl-images-amazon.com/images/I/51y6qtfzLzL._SY264_BO1,204,203,200_QL40_ML2_.jpg", ₹100.00 , Mental Maths - Mathematics Activity Book 3 
"https://images-eu.ssl-images-amazon.com/images/I/41P5KzvtqTL._SY264_BO1,204,203,200_QL40_ML2_.jpg", ₹203.00 , The Richest Man In Babylon 
"https://images-eu.ssl-images-amazon.com/images/I/51KhyQzWCcL._SY264_BO1,204,203,200_QL40_ML2_.jpg", ₹248.00 , Balasaheb Shinde - Paripurna Marathi Vyakaran - 3750+ Vastunishtha Prashna - 2022 - 15th Ed. 
"https://images-eu.ssl-images-amazon.com/images/I/51oA9Du3-FL._SY264_BO1,204,203,200_QL40_ML2_.jpg", ₹153.00 ," Blossom Jumbo Colouring Book for Kids 5 years to 7 years old | Best Drawing, Painting Gift | Copy Coloring Book for Kids | A3 Colour Book | Level 2 "
"https://images-eu.ssl-images-amazon.com/images/I/513husSP8RL._SX198_BO1,204,203,200_QL40_ML2_.jpg", ₹160.00 , Frank EMU Books The Complete Cursive Handwriting Module 5 - Hello Mr. Pen - Cursive Writing Book for Kids Age 9 Years and Above With Fun Activities 
"https://images-eu.ssl-images-amazon.com/images/I/512ZyYbVXtL._SY264_BO1,204,203,200_QL40_ML2_.jpg", ₹185.00 ," Olympiad Prep-Guide Mathematics Class - 5, IMO Chapterwise Previous Year Question Paper For 2022-23 Exam "
"https://images-eu.ssl-images-amazon.com/images/I/51y8iP6C39L._SY264_BO1,204,203,200_QL40_ML2_.jpg", ₹119.00 , Sai Satcharitra Book - Tamil Version 
"https://images-eu.ssl-images-amazon.com/images/I/51LLKFhE4QL._SX198_BO1,204,203,200_QL40_ML2_.jpg"," ₹1,158.00 ", Target High 6th Premium Edition 
, ₹82.80 , The Law of success 
"https://images-eu.ssl-images-amazon.com/images/I/51hJH5V9S8L._SY264_BO1,204,203,200_QL40_ML2_.jpg", ₹144.00 , How to Stop Worrying and Start Living 
"https://images-na.ssl-images-amazon.com/images/I/61Ix8v0vW+L._SX258_BO1,204,203,200_.jpg", ₹104.00 , Motivation- Colouring Book for Adults: Adult Colouring Book for Peace & Relaxation 
"https://images-eu.ssl-images-amazon.com/images/I/41rxek1KamL._SY264_BO1,204,203,200_QL40_ML2_.jpg", ₹345.00 , Lana: You will be as happy as you will allow yourself to be. 
"https://images-eu.ssl-images-amazon.com/images/I/51gVU18pzBL._SY264_BO1,204,203,200_QL40_ML2_.jpg", ₹675.00 , Somebody Told Me Wrong or Perhaps I Didn t Listen: I Should Browse Through the Instructions 
"https://images-eu.ssl-images-amazon.com/images/I/51jF4EGcEfL._SX198_BO1,204,203,200_QL40_ML2_.jpg", ₹315.00 ," My First Super Boxset of Pencil Control and Patterns : Pack of 4 interactive activity books to practice Patterns, Numbers and Alphabet: A set of 4 ... to practice Patterns, Numbers and Alphabet "
"https://images-eu.ssl-images-amazon.com/images/I/51KSK8Jm95L._SX198_BO1,204,203,200_QL40_ML2_.jpg", ₹199.00 , Ghosts of The Silent Hills: Stories based on true hauntings 
"https://images-eu.ssl-images-amazon.com/images/I/41v-UFY84HL._SY264_BO1,204,203,200_QL40_ML2_.jpg", ₹249.00 , Mindf**ked : When It’s 4 a.m. and You Can’t Stop Overthinking (Hinglish Edition) 
"https://images-eu.ssl-images-amazon.com/images/I/51xRzOrfdIS._SY264_BO1,204,203,200_QL40_ML2_.jpg", ₹205.00 , Rich Dad Poor Dad (Marathi) 
"https://images-eu.ssl-images-amazon.com/images/I/51c3y4XOFDL._SX198_BO1,204,203,200_QL40_ML2_.jpg", ₹159.00 ," Tell the Time Sticker Activity Book: Fun Activity Book for Children, 100 + Stickers "
"https://images-eu.ssl-images-amazon.com/images/I/61sndn98EYL._SY264_BO1,204,203,200_QL40_ML2_.jpg", ₹197.00 , The Upside-Down King: Unusual Tales about Rama and Krishna 
"https://images-eu.ssl-images-amazon.com/images/I/41KV6SYRp9L._SY264_BO1,204,203,200_QL40_ML2_.jpg", ₹200.00 , Where the Sun Never Sets (Signed by the author) 
"https://images-eu.ssl-images-amazon.com/images/I/51tqTI18LPL._SX198_BO1,204,203,200_QL40_ML2_.jpg", ₹350.00 ," What's the Big Idea, Ben Franklin? (Paperstar) "
"https://images-eu.ssl-images-amazon.com/images/I/317uiZ73SRL._SY264_BO1,204,203,200_QL40_ML2_.jpg", ₹480.00 , shenaniganism 
,, உயிரின் உயிராய் கலந்தவளே..! பகுதி - 1 (Tamil Edition) 
"https://images-eu.ssl-images-amazon.com/images/I/51J3RzxeUoL._SY264_BO1,204,203,200_QL40_ML2_.jpg", ₹407.00 , Story book for kids: 365 Bedtime Stories 
"https://images-eu.ssl-images-amazon.com/images/I/51MK558UJnL._SY264_BO1,204,203,200_QL40_ML2_.jpg", ₹229.00 , SHIKSHAK ABHIYOGYATA 
"https://images-eu.ssl-images-amazon.com/images/I/51moLfCZynL._SY264_BO1,204,203,200_QL40_ML2_.jpg", ₹99.00 ," International Mathematics Olympiad (IMO) Work Book for Class 8 - MCQs, Previous Years Solved Paper and Achievers Section - Olympiad Books For 2022-2023 Exam "
"https://images-eu.ssl-images-amazon.com/images/I/5114G0MeVbL._SX198_BO1,204,203,200_QL40_ML2_.jpg", ₹770.00 , garbhasanskar book in marathi 
"https://images-na.ssl-images-amazon.com/images/I/41F9c4+omwL._SX258_BO1,204,203,200_.jpg", ₹99.00 , Word Search - Ultimate Challenge: Classic Word Puzzles For Everyone 
"https://images-eu.ssl-images-amazon.com/images/I/51HU5dq8KTL._SY264_BO1,204,203,200_QL40_ML2_.jpg", ₹196.00 ," Laalu Bandar, Natthu Magarmach "
"https://images-eu.ssl-images-amazon.com/images/I/512hMmtr1HL._SY264_BO1,204,203,200_QL40_ML2_.jpg", ₹87.50 , Ambedkar's India 
"https://images-eu.ssl-images-amazon.com/images/I/41m9RC07sYL._SY264_BO1,204,203,200_QL40_ML2_.jpg", ₹149.00 , वरदान/Vardan 
"https://images-eu.ssl-images-amazon.com/images/I/51f0Tnxmm7L._SX198_BO1,204,203,200_QL40_ML2_.jpg", ₹139.00 , The Memoirs of Sherlock Holmes for Kids : illustrated Abridged Children Classics English Novel with Review Questions 
"https://images-eu.ssl-images-amazon.com/images/I/51SIaX8IrlL._SX198_BO1,204,203,200_QL40_ML2_.jpg", ₹249.00 , Moral Story Books for Kids (Pack of 10 Books) | 160 Total Pages | Illustrated Stories 
,," Soaring through the Solar System: Written in Traditional Chinese, Pinyin and English: A bilingual children's book (Chinese and English Edition) "
"https://images-eu.ssl-images-amazon.com/images/I/41T3c-PrQnS._SX198_BO1,204,203,200_QL40_ML2_.jpg", ₹99.00 , Apke Avchetan Man Ki Shakti (The Power of your Subconscious Mind in Hindi) 
"https://images-eu.ssl-images-amazon.com/images/I/51gP5ZFlPBL._SY264_BO1,204,203,200_QL40_ML2_.jpg"," ₹1,125.00 ", Unpremeditated Moments 
"https://images-na.ssl-images-amazon.com/images/I/4152+y8jmaL._SY344_BO1,204,203,200_.jpg", ₹54.00 , Everyday Vocabulary More Than 6100 Words 
"https://images-eu.ssl-images-amazon.com/images/I/51eyNnHQyDL._SX198_BO1,204,203,200_QL40_ML2_.jpg", ₹399.00 , World’s Greatest Classics (Box Set of 4 Books) 
"https://images-eu.ssl-images-amazon.com/images/I/51ID3mbjTkL._SX198_BO1,204,203,200_QL40_ML2_.jpg", ₹199.00 , Book 1: Mind is your Business & Book 2: Body the Greatest Gadget 
"https://images-eu.ssl-images-amazon.com/images/I/41lZB3ECVjL._SY264_BO1,204,203,200_QL40_ML2_.jpg", ₹161.00 , Saat Samundar Paar 
"https://images-eu.ssl-images-amazon.com/images/I/41CSgB9OEOS._SX198_BO1,204,203,200_QL40_ML2_.jpg", ₹79.00 , Nationalism 
"https://images-eu.ssl-images-amazon.com/images/I/51tBlmoDYUL._SX198_BO1,204,203,200_QL40_ML2_.jpg"," ₹1,483.00 ", TOPPERSNOTES RPSC 1st Grade Latest Edition- Mathematics Paper 2 For Exam Preparation Study Material Guide in English Medium Set of 3 Books Rajasthan Public Service Commission 
"https://images-eu.ssl-images-amazon.com/images/I/51-gDqw4h4L._SX198_BO1,204,203,200_QL40_ML2_.jpg", ₹139.00 , 101 Maze Activity Book: Fun Activity Book For Children 
,, Salman Rushdie Book: The Biography of Salman Rushdie 
"https://images-eu.ssl-images-amazon.com/images/I/51Z01McCvvL._SX198_BO1,204,203,200_QL40_ML2_.jpg", ₹600.00 , विन्सेन्ट : Vincent 
"https://images-eu.ssl-images-amazon.com/images/I/31gZ85pMqrL._SY264_BO1,204,203,200_QL40_ML2_.jpg", ₹186.00 ," Good Vibes, Good Life: How Self-love Is the Key to Unlocking Your Greatness "
"https://images-eu.ssl-images-amazon.com/images/I/41BctxOfzzS._SX198_BO1,204,203,200_QL40_ML2_.jpg", ₹109.00 , Think & Grow Rich 
"https://images-eu.ssl-images-amazon.com/images/I/51GCJ4sNgpL._SY264_BO1,204,203,200_QL40_ML2_.jpg", ₹152.00 , Grandparents' Bag of Stories 
"https://images-eu.ssl-images-amazon.com/images/I/511r1YglvxL._SY264_BO1,204,203,200_QL40_ML2_.jpg", ₹100.00 ," National Cyber Olympiad (NCO) Work Book for Class 1 - Quick Recap, MCQs, Previous Years Solved Paper and Achievers Section - NCO Olympiad Books For 2022-2023 Exam "
"https://images-eu.ssl-images-amazon.com/images/I/51U0BOGQd3L._SY264_BO1,204,203,200_QL40_ML2_.jpg", ₹146.00 , 41 Anmol Kahaniya - Premchand 
"https://images-eu.ssl-images-amazon.com/images/I/518rweGSKxL._SY264_BO1,204,203,200_QL40_ML2_.jpg", ₹286.00 , The Kid Who Came From Space 
"https://images-eu.ssl-images-amazon.com/images/I/51Do0NLYmDL._SX198_BO1,204,203,200_QL40_ML2_.jpg", ₹325.00 , World’s Greatest Books For Personal Growth & Wealth (Set of 4 Books): Perfect Motivational Gift Set 
"https://images-eu.ssl-images-amazon.com/images/I/618gbRfPRVL._SY264_BO1,204,203,200_QL40_ML2_.jpg", ₹159.00 , Learn with Adi Children Book | Morning to Evening Conversation | English Connection 
"https://images-na.ssl-images-amazon.com/images/I/41m+VUGwxRL._SY344_BO1,204,203,200_.jpg", ₹135.00 , Anant Naam Jigyasa/अनंत नाम जिज्ञासा 
"https://images-eu.ssl-images-amazon.com/images/I/51kBS7Szd4L._SY264_BO1,204,203,200_QL40_ML2_.jpg", ₹332.00 ," The Courage To Be Disliked: How to free yourself, change your life and achieve real happiness (Courage To series) "
"https://images-eu.ssl-images-amazon.com/images/I/51OFXKBeg7L._SY264_BO1,204,203,200_QL40_ML2_.jpg", ₹300.00 , वैदिक धात्वादि कोश (Vedic Dhatvadi Kosh) 
"https://images-eu.ssl-images-amazon.com/images/I/511P8XEKsRL._SY264_BO1,204,203,200_QL40_ML2_.jpg", ₹193.00 ," Olympiad Prep-Guide Mathematics Class - 3, IMO Chapterwise Previous Year Question Paper For 2022-23 Exam "
"https://images-eu.ssl-images-amazon.com/images/I/41i5Y6O3UAL._SX198_BO1,204,203,200_QL40_ML2_.jpg", ₹109.00 , World's Greatest Entrepreneurs: Biographies of Inspirational Personalities For Kids 
, ₹99.00 , The Leader in You 
"https://images-eu.ssl-images-amazon.com/images/I/41yuakjbUZL._SY264_BO1,204,203,200_QL40_ML2_.jpg", ₹99.00 ," National Science Olympiad (NSO) Work Book for Class 8 - Quick Recap, MCQs, Previous Years Solved Paper and Achievers Section - Olympiad Books For 2022-2023 Exam "
"https://images-eu.ssl-images-amazon.com/images/I/51ALVaVFspL._SY264_BO1,204,203,200_QL40_ML2_.jpg", ₹481.00 , Harry Potter and the Half Blood Prince 
"https://images-eu.ssl-images-amazon.com/images/I/41ScZ3rs1uS._SX198_BO1,204,203,200_QL40_ML2_.jpg", ₹49.00 , Animal Farm 
"https://images-eu.ssl-images-amazon.com/images/I/61Vj89VXrxL._SY264_BO1,204,203,200_QL40_ML2_.jpg", ₹205.00 , 101 Tales from Indian Mythology: Illustrated Stories for Children 
"https://images-eu.ssl-images-amazon.com/images/I/41-mpAqkO2L._SY264_BO1,204,203,200_QL40_ML2_.jpg", ₹100.00 ," National Science Olympiad (NSO) Work Book for Class 2 - Quick Recap, MCQs, Previous Years Solved Paper and Achievers Section - Olympiad Books For 2022-2023 Exam "
"https://images-eu.ssl-images-amazon.com/images/I/51lClmQSwaL._SX198_BO1,204,203,200_QL40_ML2_.jpg", ₹169.00 , Things That Go - Coloring and Sticker Activity Book (With 150+ Stickers) (Coloring Sticker Activity Books) 
"https://images-na.ssl-images-amazon.com/images/I/51Pk+xuofGL._SY344_BO1,204,203,200_.jpg", ₹225.00 ," Oswaal One for All Olympiad Previous Years' Solved Papers, Class-5 Mathematics Book (For 2022-23 Exam) "
"https://images-eu.ssl-images-amazon.com/images/I/51XnnW3tvlL._SY264_BO1,204,203,200_QL40_ML2_.jpg", ₹100.00 ," International English Olympiad (IEO) Work Book for Class 1 - MCQs, Previous Years Solved Paper and Achievers Section - Olympiad Books For 2022-2023 Exam "
"https://images-eu.ssl-images-amazon.com/images/I/510ipst5YyL._SX198_BO1,204,203,200_QL40_ML2_.jpg", ₹543.00 , All set to Read-A Phonic Reader-Level 1- PHONICS READERS- 6 books in a Box: Box set 
"https://images-eu.ssl-images-amazon.com/images/I/51knowArHvL._SY264_BO1,204,203,200_QL40_ML2_.jpg", ₹179.00 ," One for All Olympiad Previous Years’ Solved Papers, Class-2 Mathematics Book (For 2021-22 Exam) "
"https://images-eu.ssl-images-amazon.com/images/I/61rXDwogSOL._SX198_BO1,204,203,200_QL40_ML2_.jpg", ₹384.00 , Moral Stories for Children -Set of 10 Illustrated Books (Packed in a Gift Box) 
"https://images-na.ssl-images-amazon.com/images/I/51Pb+tgog6L._SX258_BO1,204,203,200_.jpg", ₹68.00 ," Blossom Moral Story Book for Kids 3 Years to 6 Years Old in English | 31 Fairy Tale Stories with Colourful Pictures | Best Bedtime Children Story Book | Short Stories for Infants, Toddlers | Book A [Paperback] Content Team at Target Publications "
"https://images-eu.ssl-images-amazon.com/images/I/51egRttYMQL._SX198_BO1,204,203,200_QL40_ML2_.jpg", ₹79.00 , Dot To Dot: First Fun Activity Books for Kids 
"https://images-eu.ssl-images-amazon.com/images/I/41iaXjJ0oAL._SY264_BO1,204,203,200_QL40_ML2_.jpg", ₹100.00 ," International English Olympiad (IEO) Work Book for Class 7 - MCQs, Previous Years Solved Paper and Achievers Section - Olympiad Books For 2022-2023 Exam "
"https://images-eu.ssl-images-amazon.com/images/I/417s8WhVgWL._SY264_BO1,204,203,200_QL40_ML2_.jpg", ₹300.00 , यजुर्वेद सरल पाठ (Yajurved Saral Paath) 
"https://images-eu.ssl-images-amazon.com/images/I/51JxvKUepnL._SX198_BO1,204,203,200_QL40_ML2_.jpg", ₹80.00 , Colour With Crayons Book 1 for Kids Age 1 -6 Years - Drawing and Colouring Book for Early Learners 
"https://images-eu.ssl-images-amazon.com/images/I/51OX46nyqDL._SY264_BO1,204,203,200_QL40_ML2_.jpg", ₹100.00 ," International English Olympiad (IEO) Work Book for Class 3 - MCQs, Previous Years Solved Paper and Achievers Section - Olympiad Books For 2022-2023 Exam "
, ₹246.97 , The Carpenter: A Story About the Greatest Success Strategies of All (Jon Gordon) 
"https://images-eu.ssl-images-amazon.com/images/I/51R-3RgqN0L._SX198_BO1,204,203,200_QL40_ML2_.jpg", ₹99.00 , Hartalika Teej Vrat Katha book in Hindi Delux quality 
"https://images-eu.ssl-images-amazon.com/images/I/41F8ATXoMOL._SY264_BO1,204,203,200_QL40_ML2_.jpg", ₹153.00 , Attitude Is Everything: Change Your Attitude ... Change Your Life! 
"https://images-eu.ssl-images-amazon.com/images/I/51HGMqyCrjL._SY264_BO1,204,203,200_QL40_ML2_.jpg"," ₹1,159.00 ", The Usurped 
"https://images-eu.ssl-images-amazon.com/images/I/41gX-awttFL._SY264_BO1,204,203,200_QL40_ML2_.jpg", ₹100.00 ," National Science Olympiad (NSO) Work Book for Class 6 - Quick Recap, MCQs, Previous Years Solved Paper and Achievers Section - Olympiad Books For 2022-2023 Exam "
"https://images-na.ssl-images-amazon.com/images/I/51+MSkvkOFL._SY344_BO1,204,203,200_.jpg", ₹80.00 , Brain Activity Book for Kids - 200+ Activities for Age 6+ 
"https://images-eu.ssl-images-amazon.com/images/I/41kMDsKq4gL._SY264_BO1,204,203,200_QL40_ML2_.jpg", ₹405.00 , Sophie Ka Sansar : Pashchatya Jagat Ki Darshan-Gatha (Hindi) 
"https://images-eu.ssl-images-amazon.com/images/I/51k1xKv4c0L._SY264_BO1,204,203,200_QL40_ML2_.jpg", ₹299.00 , The Girl Who Drank the Moon 
"https://images-eu.ssl-images-amazon.com/images/I/41TD27iSPeL._SY264_BO1,204,203,200_QL40_ML2_.jpg", ₹99.50 , You are the Best Wife: A True Love Story 
"https://images-na.ssl-images-amazon.com/images/I/41zsMB3h+rL._SY344_BO1,204,203,200_.jpg", ₹87.50 , Why I am an Atheist and Other Works 
"https://images-na.ssl-images-amazon.com/images/I/41vrlAA6C+L._SY344_BO1,204,203,200_.jpg", ₹100.00 ," National Science Olympiad (NSO) Work Book for Class 5 - Quick Recap, MCQs, Previous Years Solved Paper and Achievers Section - Olympiad Books For 2022-2023 Exam "
"https://images-na.ssl-images-amazon.com/images/I/41ASrz+cxmL._SY344_BO1,204,203,200_.jpg", ₹100.00 ," National Science Olympiad (NSO) Work Book for Class 3 - Quick Recap, MCQs, Previous Years Solved Paper and Achievers Section - Olympiad Books For 2022-2023 Exam "
"https://images-eu.ssl-images-amazon.com/images/I/51f23psflyL._SY264_BO1,204,203,200_QL40_ML2_.jpg", ₹145.00 , 101 Panchatantra Stories for Children: Colourful Illustrated Stories 
"https://images-na.ssl-images-amazon.com/images/I/51+oyTggHvL._SX258_BO1,204,203,200_.jpg",, 101 Panchatantra Stories+Cursive Writing Book (Small Letters) - Part B (Set of 2 Books) 
"https://images-eu.ssl-images-amazon.com/images/I/51rMGPnhcqL._SY264_BO1,204,203,200_QL40_ML2_.jpg", ₹159.00 , The Illustrated Stories Of Akbar and Birbal: Classic Tales From India 
"https://images-eu.ssl-images-amazon.com/images/I/41aL70yoloL._SX198_BO1,204,203,200_QL40_ML2_.jpg", ₹89.00 , Think & Grow Rich: THE 21st CENTURY EDITION 
"https://images-eu.ssl-images-amazon.com/images/I/515Y-kC7EQL._SY264_BO1,204,203,200_QL40_ML2_.jpg", ₹95.00 , The Blue Umbrella 
"https://images-na.ssl-images-amazon.com/images/I/51q+e5aLOvL._SY344_BO1,204,203,200_.jpg", ₹100.00 , International General Knowledge Olympiad (IGKO) Work Book for Class 2 - MCQs & Achievers Section - General Knowledge Books For 2022-2023 Exam 
"https://images-eu.ssl-images-amazon.com/images/I/519xitWsvIL._SY264_BO1,204,203,200_QL40_ML2_.jpg", ₹124.00 , Alvida/अलविदा 
"https://images-eu.ssl-images-amazon.com/images/I/41LmMzqauVL._SY264_BO1,204,203,200_QL40_ML2_.jpg", ₹125.00 , Yug-Purush Nehru/युग-पुरुष नेहरू 
"https://images-eu.ssl-images-amazon.com/images/I/41iMAA7eBNS._SX198_BO1,204,203,200_QL40_ML2_.jpg", ₹99.00 , Think & Grow Rich (Hindi) 
"https://images-na.ssl-images-amazon.com/images/I/51RTSH+fchL._SY344_BO1,204,203,200_.jpg", ₹100.00 ," International English Olympiad (IEO) Work Book for Class 2 - MCQs, Previous Years Solved Paper and Achievers Section - Olympiad Books For 2022-2023 Exam "
"https://images-eu.ssl-images-amazon.com/images/I/419f7SXBOqL._SY264_BO1,204,203,200_QL40_ML2_.jpg", ₹100.00 ," International Mathematics Olympiad (IMO) Work Book for Class 2 - MCQs, Previous Years Solved Paper and Achievers Section - Olympiad Books For 2022-2023 Exam "
"https://images-eu.ssl-images-amazon.com/images/I/51wbVQTpTgL._SY264_BO1,204,203,200_QL40_ML2_.jpg", ₹370.00 , WINGS OF FIRE: AUTOBIOGRAPHY OF ABDUL KALAM 
"https://images-eu.ssl-images-amazon.com/images/I/41L02dOpaRL._SY264_BO1,204,203,200_QL40_ML2_.jpg", ₹135.00 , Your Faith is Your Fortune 
"https://images-eu.ssl-images-amazon.com/images/I/512ylJKUoDL._SX198_BO1,204,203,200_QL40_ML2_.jpg", ₹499.00 , Best of Children’s Classics (Set of 5 Books): Perfect Gift Set for Kids 
"https://images-eu.ssl-images-amazon.com/images/I/411Jq3EH3XL._SX198_BO1,204,203,200_QL40_ML2_.jpg", ₹159.00 , 101 Pencil Control Activity Book For Kids: Tracing Practise Book Age 2+ 
"https://images-eu.ssl-images-amazon.com/images/I/51TBK3pHtyL._SX198_BO1,204,203,200_QL40_ML2_.jpg", ₹109.00 , Cursive Handwriting - Sentence: Practice Workbook 
"https://images-eu.ssl-images-amazon.com/images/I/51ZNGUsVGcL._SY264_BO1,204,203,200_QL40_ML2_.jpg", ₹239.00 ," Oswaal One for All Olympiad Previous Years’ Solved Papers, Class-4 Mathematics Book (For 2022-23 Exam "
"https://images-eu.ssl-images-amazon.com/images/I/51sfmQCx-rL._SY264_BO1,204,203,200_QL40_ML2_.jpg", ₹131.00 , Soma/सोमा 
"https://images-eu.ssl-images-amazon.com/images/I/41Lo114KtsL._SY264_BO1,204,203,200_QL40_ML2_.jpg", ₹100.00 ," National Science Olympiad (NSO) Work Book for Class 4 - Quick Recap, MCQs, Previous Years Solved Paper and Achievers Section - Olympiad Books For 2022-2023 Exam "
"https://images-eu.ssl-images-amazon.com/images/I/51PeLo3-n-S._SX198_BO1,204,203,200_QL40_ML2_.jpg", ₹289.00 , 1984 (Deluxe Hardbound Edition) 
"https://images-eu.ssl-images-amazon.com/images/I/41wKll7ITyL._SY264_BO1,204,203,200_QL40_ML2_.jpg", ₹154.00 , Who Will Cry When You Die? 
"https://images-eu.ssl-images-amazon.com/images/I/41BWOVJTAcL._SY264_BO1,204,203,200_QL40_ML2_.jpg", ₹35.00 , General Knowledge 2023 
"https://images-eu.ssl-images-amazon.com/images/I/51QSy9w5I-L._SX198_BO1,204,203,200_QL40_ML2_.jpg", ₹188.00 , Encyclopedia: Amazing Questions & Answers Science 
"https://images-eu.ssl-images-amazon.com/images/I/51khj1IE3nS._SX198_BO1,204,203,200_QL40_ML2_.jpg", ₹149.00 , Mandala: Colouring Books for Adults with Tear Out Sheets (Adult Colouring Book) 
"https://images-eu.ssl-images-amazon.com/images/I/51iWlVw33lL._SX198_BO1,204,203,200_QL40_ML2_.jpg", ₹149.00 , Nursery Rhymes Board Book (My First Book Series): Illustrated Classic Nursery Rhymes 
"https://images-eu.ssl-images-amazon.com/images/I/51ewXeUdkvL._SY264_BO1,204,203,200_QL40_ML2_.jpg", ₹175.00 ," Karma: A Yogi's Guide to Crafting Your Destiny | Spirituality, Self-improvement & Self help books by Sadhguru | Penguin "
"https://images-eu.ssl-images-amazon.com/images/I/51tiopcLhuS._SX198_BO1,204,203,200_QL40_ML2_.jpg", ₹69.00 , As a Man Thinketh 
"https://images-na.ssl-images-amazon.com/images/I/51mjIUvk7iS._SY264_BO1,204,203,200_QL40_ML2_.jpg", ₹65.00 , The Girl With No Dreams 
"https://images-eu.ssl-images-amazon.com/images/I/412vmH1E-rL._SY264_BO1,204,203,200_QL40_ML2_.jpg", ₹100.00 ," International English Olympiad (IEO) Work Book for Class 4 - MCQs, Previous Years Solved Paper and Achievers Section - Olympiad Books For 2022-2023 Exam "
"https://images-eu.ssl-images-amazon.com/images/I/51PeBcR1OEL._SY264_BO1,204,203,200_QL40_ML2_.jpg", ₹236.00 , One For All Olympiad Class 5 General Knowledge (2022) 
"https://images-eu.ssl-images-amazon.com/images/I/41TkNaydztL._SY264_BO1,204,203,200_QL40_ML2_.jpg", ₹143.00 , Ghalib/गालिब 
"https://images-eu.ssl-images-amazon.com/images/I/51iWlVw33lL._SX198_BO1,204,203,200_QL40_ML2_.jpg", ₹149.00 , Nursery Rhymes Board Book (My First Book Series): Illustrated Classic Nursery Rhymes 
"https://images-eu.ssl-images-amazon.com/images/I/51sLjkMZerL._SY264_BO1,204,203,200_QL40_ML2_.jpg", ₹167.00 ," Oswaal One for All Olympiad Previous Years' Solved Papers, Class-1 Mathematics Book (For 2022-23 Exam) "
"https://images-eu.ssl-images-amazon.com/images/I/41ObJbT-AuL._SY264_BO1,204,203,200_QL40_ML2_.jpg", ₹100.00 ," International Mathematics Olympiad (IMO) Work Book for Class 1 - MCQs, Previous Years Solved Paper and Achievers Section - Olympiad Books For 2022-2023 Exam "
"https://images-eu.ssl-images-amazon.com/images/I/41-rp6fTHAL._SX198_BO1,204,203,200_QL40_ML2_.jpg", ₹179.00 , 365 Maths Activity Book For Kids: Age 5+ 
"https://images-eu.ssl-images-amazon.com/images/I/41kYp1HmicL._SY264_BO1,204,203,200_QL40_ML2_.jpg", ₹100.00 ," International English Olympiad (IEO) Work Book for Class 8 - MCQs, Previous Years Solved Paper and Achievers Section - Olympiad Books For 2022-2023 Exam "
"https://images-eu.ssl-images-amazon.com/images/I/51GANLtaa7L._SY264_BO1,204,203,200_QL40_ML2_.jpg", ₹169.00 , सरल पठनीय श्रीमद्भगवद्गीता (द्वितीय संस्करण) SARALA PAṬHANĪYA ŚRĪMADBHAGAVADGĪTĀ (V2) LEARNGEETA - GEETA PARIWAR 
"https://images-eu.ssl-images-amazon.com/images/I/51-H5cSQaWL._SX198_BO1,204,203,200_QL40_ML2_.jpg", ₹180.00 , Frank EMU Books Mental Maths for Class 2 Practice Workbook with Fun Activities Based on NCERT Guidelines (Age 6 Years and Above) 
"https://images-eu.ssl-images-amazon.com/images/I/51n4BlaMF-L._SY264_BO1,204,203,200_QL40_ML2_.jpg", ₹284.00 , The Midnight Library 
"https://images-eu.ssl-images-amazon.com/images/I/51735CT0GvL._SY264_BO1,204,203,200_QL40_ML2_.jpg", ₹140.00 ," Ikigai / इकिगाई : The Japanese secret to a long and happy life in Marathi Book ईकीगाई दीर्घायुषी आणि आनंदी जीवनाचे जपानी रहस्य, ईकिगाई मराठी पुस्तक "
"https://images-eu.ssl-images-amazon.com/images/I/51FWOx0lgJL._SY264_BO1,204,203,200_QL40_ML2_.jpg", ₹199.00 ," Oswaal One For All Olympiad Previous Years' Solved Papers, Class-4 Science Book (For 2022-23 Exam) "
"https://images-eu.ssl-images-amazon.com/images/I/51eyNnHQyDL._SX198_BO1,204,203,200_QL40_ML2_.jpg", ₹399.00 , World’s Greatest Classics (Box Set of 4 Books) 
,, The Richest Man in Babylon: George S. Clason International Bestseller Book ‘The Richest Man in Babylon’ for How to Grow Rich 
"https://images-eu.ssl-images-amazon.com/images/I/51Xcymq23VL._SX198_BO1,204,203,200_QL40_ML2_.jpg", ₹89.00 , My First Book of Pencil Control : Practice Pattern Writing (Full Color Pages): Patterns Practice book for kids (Pattern Writing) 
"https://images-eu.ssl-images-amazon.com/images/I/5168pz2MP7L._SX198_BO1,204,203,200_QL40_ML2_.jpg", ₹120.00 , 108 Panchatantra Stories (Illustrated) for children 
"https://images-eu.ssl-images-amazon.com/images/I/41JByvYHOrL._SY264_BO1,204,203,200_QL40_ML2_.jpg", ₹100.00 ," International Mathematics Olympiad (IMO) Work Book for Class 5 - MCQs, Previous Years Solved Paper and Achievers Section - Olympiad Books For 2022-2023 Exam "
"https://images-eu.ssl-images-amazon.com/images/I/51Z-1mZDiZL._SX198_BO1,204,203,200_QL40_ML2_.jpg", ₹80.00 , Brain Activity Book for Kids - 200+ Activities for Age 3+ 
"https://images-eu.ssl-images-amazon.com/images/I/41aL70yoloL._SX198_BO1,204,203,200_QL40_ML2_.jpg", ₹89.00 , Think & Grow Rich: THE 21st CENTURY EDITION 
"https://images-eu.ssl-images-amazon.com/images/I/51Zxn3P-pSL._SY264_BO1,204,203,200_QL40_ML2_.jpg", ₹188.00 ," Oswaal One For All Olympiad Previous Years' Solved Papers, Class-1 Reasoning Book (For 2022-23 Exam) "
"https://images-eu.ssl-images-amazon.com/images/I/61ARRzVN0xL._SX198_BO1,204,203,200_QL40_ML2_.jpg", ₹389.00 , Tales from Indian Mythology (Collection of 10 Books): Story Books For Kids 
